-- phpMyAdmin SQL Dump
-- version 4.3.8
-- http://www.phpmyadmin.net
--
-- Host: localhost
-- Generation Time: Jul 14, 2017 at 07:26 PM
-- Server version: 5.6.32-78.1-log
-- PHP Version: 5.6.20

SET SQL_MODE = "NO_AUTO_VALUE_ON_ZERO";
SET time_zone = "+00:00";


/*!40101 SET @OLD_CHARACTER_SET_CLIENT=@@CHARACTER_SET_CLIENT */;
/*!40101 SET @OLD_CHARACTER_SET_RESULTS=@@CHARACTER_SET_RESULTS */;
/*!40101 SET @OLD_COLLATION_CONNECTION=@@COLLATION_CONNECTION */;
/*!40101 SET NAMES utf8 */;

--
-- Database: `icsbinco_rebus`
--

-- --------------------------------------------------------

--
-- Table structure for table `characters`
--

CREATE TABLE IF NOT EXISTS `characters` (
  `word_id` int(11) NOT NULL,
  `character_index` tinyint(4) NOT NULL,
  `character_value` varchar(7) NOT NULL
) ENGINE=InnoDB DEFAULT CHARSET=utf8;

--
-- Dumping data for table `characters`
--

INSERT INTO `characters` (`word_id`, `character_index`, `character_value`) VALUES
(1, 0, 'పూ'),
(1, 1, 'ల'),
(1, 2, 'బు'),
(1, 3, 'ట్ట'),
(2, 0, 'గు'),
(2, 1, 'ర్ర'),
(2, 2, 'పు'),
(2, 3, 'నా'),
(2, 4, 'డా'),
(3, 0, 'అ'),
(3, 1, 'లం'),
(3, 2, 'క'),
(3, 3, 'ర'),
(3, 4, 'ణ'),
(4, 0, 'ప్ర'),
(4, 1, 'థ'),
(4, 2, 'మ'),
(4, 3, 'చి'),
(4, 4, 'కి'),
(4, 5, 'త్స'),
(5, 0, 'బు'),
(5, 1, 'డ'),
(5, 2, 'బు'),
(5, 3, 'క్క'),
(5, 4, 'ల'),
(5, 5, 'వా'),
(5, 6, 'డు'),
(6, 0, 'వి'),
(6, 1, 'స'),
(6, 2, 'న'),
(6, 3, 'క'),
(6, 4, 'ర్ర'),
(7, 0, 'బ'),
(7, 1, 'తు'),
(7, 2, 'క'),
(7, 3, 'మ్మ'),
(8, 0, 'హ'),
(8, 1, 'రి'),
(8, 2, 'క'),
(8, 3, 'థ'),
(9, 0, 'బు'),
(9, 1, 'డ'),
(9, 2, 'త'),
(9, 3, 'డు'),
(10, 0, 'చే'),
(10, 1, 'తి'),
(10, 2, 'క'),
(10, 3, 'ర్ర'),
(11, 0, 'క'),
(11, 1, 'ర్మా'),
(11, 2, 'గా'),
(11, 3, 'ర'),
(11, 4, 'ము'),
(12, 0, 'ర'),
(12, 1, 'థ'),
(12, 2, 'చ'),
(12, 3, 'క్ర'),
(12, 4, 'ము'),
(13, 0, 'సూ'),
(13, 1, 'ర్య'),
(13, 2, 'గ్ర'),
(13, 3, 'హ'),
(13, 4, 'ణ'),
(13, 5, 'ము'),
(14, 0, 'కొ'),
(14, 1, 'బ్బ'),
(14, 2, 'రి'),
(14, 3, 'చి'),
(14, 4, 'ప్ప'),
(14, 5, 'లు'),
(15, 0, 'క'),
(15, 1, 'ర'),
(15, 2, 'తా'),
(15, 3, 'ళ'),
(15, 4, 'ము'),
(16, 0, 'మం'),
(16, 1, 'ధ'),
(16, 2, 'ని'),
(17, 0, 'ఎ'),
(17, 1, 'ము'),
(17, 2, 'క'),
(17, 3, 'ల'),
(17, 4, 'గూ'),
(17, 5, 'డు'),
(18, 0, 'డ'),
(18, 1, 'మ'),
(18, 2, 'రు'),
(18, 3, 'క'),
(18, 4, 'ము'),
(19, 0, 'క'),
(19, 1, 'ర'),
(19, 2, 'వా'),
(19, 3, 'ల'),
(19, 4, 'ము'),
(20, 0, 'జ'),
(20, 1, 'ల'),
(20, 2, 'పా'),
(20, 3, 'త'),
(20, 4, 'ము'),
(21, 0, 'సో'),
(21, 1, 'ద'),
(21, 2, 'రు'),
(21, 3, 'లు'),
(22, 0, 'కం'),
(22, 1, 'ది'),
(22, 2, 'రీ'),
(22, 3, 'గ'),
(23, 0, 'తో'),
(23, 1, 'క'),
(23, 2, 'చు'),
(23, 3, 'క్క'),
(24, 0, 'క్రీ'),
(24, 1, 'డా'),
(24, 2, 'కా'),
(24, 3, 'రు'),
(24, 4, 'లు'),
(25, 0, 'ప'),
(25, 1, 'చ్చ'),
(25, 2, 'బొ'),
(25, 3, 'ట్టు'),
(26, 0, 'ది'),
(26, 1, 'ష్టి'),
(26, 2, 'బొ'),
(26, 3, 'మ్మ'),
(27, 0, 'గు'),
(27, 1, 'లా'),
(27, 2, 'బీ'),
(27, 3, 'లు'),
(28, 0, 'బొ'),
(28, 1, 'ట'),
(28, 2, 'న'),
(28, 3, 'వే'),
(28, 4, 'లు'),
(29, 0, 'పు'),
(29, 1, 'రి'),
(29, 2, 'కొ'),
(29, 3, 'స'),
(30, 0, 'అ'),
(30, 1, 'మ్మ'),
(30, 2, 'ల'),
(30, 3, 'క్క'),
(30, 4, 'లు'),
(31, 0, 'దా'),
(31, 1, 'గు'),
(31, 2, 'డు'),
(31, 3, 'మూ'),
(31, 4, 'త'),
(31, 5, 'లు'),
(32, 0, 'అ'),
(32, 1, 'నా'),
(32, 2, 'స'),
(32, 3, 'పం'),
(32, 4, 'డు'),
(33, 0, 'కొ'),
(33, 1, 'డ'),
(33, 2, 'వ'),
(33, 3, 'లి'),
(34, 0, 'పి'),
(34, 1, 'చ్చు'),
(34, 2, 'క'),
(35, 0, 'పొ'),
(35, 1, 'గ'),
(35, 2, 'గొ'),
(35, 3, 'ట్ట'),
(35, 4, 'ము'),
(36, 0, 'ను'),
(36, 1, 'ల'),
(36, 2, 'క'),
(36, 3, 'మం'),
(36, 4, 'చం'),
(37, 0, 'ఆ'),
(37, 1, 'వు'),
(37, 2, 'ల'),
(37, 3, 'దొ'),
(37, 4, 'డ్డి'),
(38, 0, 'స'),
(38, 1, 'వ'),
(38, 2, 'ర'),
(38, 3, 'ము'),
(39, 0, 'పి'),
(39, 1, 'ల'),
(39, 2, 'క'),
(40, 0, 'ఉ'),
(40, 1, 'త్కో'),
(40, 2, 'చ'),
(40, 3, 'ము'),
(41, 0, 'కా'),
(41, 1, 'రు'),
(42, 0, 'పా'),
(42, 1, 'వు'),
(42, 2, 'ర'),
(42, 3, 'ము'),
(43, 0, 'సా'),
(43, 1, 'గ'),
(43, 2, 'రం'),
(44, 0, 'బు'),
(44, 1, 'డ'),
(44, 2, 'గ'),
(45, 0, 'బ'),
(45, 1, 'డి'),
(45, 2, 'పం'),
(45, 3, 'తు'),
(45, 4, 'ల'),
(45, 5, 'మ్మ'),
(46, 0, 'ఉ'),
(46, 1, 'ల్లి'),
(46, 2, 'పా'),
(46, 3, 'య'),
(46, 4, 'లు'),
(47, 0, 'బం'),
(47, 1, 'గా'),
(47, 2, 'రు'),
(47, 3, 'కి'),
(47, 4, 'రీ'),
(47, 5, 'ట'),
(47, 6, 'ము'),
(48, 0, 'శా'),
(48, 1, 'స్త్రీ'),
(48, 2, 'య'),
(48, 3, 'ప'),
(48, 4, 'రి'),
(48, 5, 'క'),
(48, 6, 'రా'),
(48, 7, 'లు'),
(49, 0, 'మూ'),
(49, 1, 'డు'),
(49, 2, 'కా'),
(49, 3, 'ళ్ళ'),
(49, 4, 'ము'),
(49, 5, 'స'),
(49, 6, 'లి'),
(50, 0, 'పు'),
(50, 1, 'రో'),
(50, 2, 'హి'),
(50, 3, 'తు'),
(50, 4, 'డు'),
(51, 0, 'అ'),
(51, 1, 'ష్టా'),
(51, 2, 'చె'),
(51, 3, 'మ్మ'),
(52, 0, 'ఐ'),
(52, 1, 'శ్వ'),
(52, 2, 'ర్య'),
(52, 3, 'ము'),
(53, 0, 'నృ'),
(53, 1, 'త్య'),
(53, 2, 'ప్రి'),
(53, 3, 'యు'),
(53, 4, 'డు'),
(54, 0, 'ము'),
(54, 1, 'త్య'),
(54, 2, 'పు'),
(54, 3, 'చి'),
(54, 4, 'ప్ప'),
(55, 0, 'ము'),
(55, 1, 'క్కు'),
(55, 2, 'పు'),
(55, 3, 'డ'),
(55, 4, 'క'),
(56, 0, 'కీ'),
(56, 1, 'ట'),
(56, 2, 'కా'),
(56, 3, 'లు'),
(57, 0, 'ఉం'),
(57, 1, 'గ'),
(57, 2, 'ర'),
(57, 3, 'పు'),
(57, 4, 'వే'),
(57, 5, 'లు'),
(58, 0, 'బ'),
(58, 1, 'రి'),
(58, 2, 'ణ'),
(58, 3, 'పు'),
(58, 4, 'రు'),
(58, 5, 'గు'),
(59, 0, 'గు'),
(59, 1, 'ర్రా'),
(59, 2, 'ల'),
(59, 3, 'దం'),
(59, 4, 'డు'),
(60, 0, 'వి'),
(60, 1, 'వా'),
(60, 2, 'హి'),
(60, 3, 'తు'),
(60, 4, 'రా'),
(60, 5, 'లు'),
(61, 0, 'వ'),
(61, 1, 'ల్ల'),
(61, 2, 'కా'),
(61, 3, 'డు'),
(62, 0, 'ది'),
(62, 1, 'వి'),
(62, 2, 'టీ'),
(63, 0, 'క'),
(63, 1, 'పా'),
(63, 2, 'ల'),
(63, 3, 'ము'),
(64, 0, 'ప'),
(64, 1, 'ర'),
(64, 2, 'లో'),
(64, 3, 'క'),
(64, 4, 'ప'),
(64, 5, 'య'),
(64, 6, 'న'),
(64, 7, 'ము'),
(65, 0, 'ఎ'),
(65, 1, 'ము'),
(65, 2, 'క'),
(65, 3, 'లు'),
(66, 0, 'పా'),
(66, 1, 'ప'),
(66, 2, 'డి'),
(66, 3, 'బి'),
(66, 4, 'ళ్ళ'),
(67, 0, 'నా'),
(67, 1, 'గ'),
(67, 2, 'లి'),
(68, 0, 'ఎ'),
(68, 1, 'లు'),
(68, 2, 'గు'),
(68, 3, 'బం'),
(68, 4, 'టి'),
(69, 0, 'వే'),
(69, 1, 'లి'),
(69, 2, 'ము'),
(69, 3, 'ద్ర'),
(70, 0, 'పా'),
(70, 1, 'షా'),
(70, 2, 'ణ'),
(70, 3, 'ము'),
(71, 0, 'తా'),
(71, 1, 'టి'),
(71, 2, 'కా'),
(71, 3, 'య'),
(71, 4, 'లు'),
(72, 0, 'చె'),
(72, 1, 'వు'),
(72, 2, 'ల'),
(72, 3, 'పి'),
(72, 4, 'ల్లి'),
(73, 0, 'చిం'),
(73, 1, 'త'),
(73, 2, 'పి'),
(73, 3, 'క్క'),
(73, 4, 'లా'),
(73, 5, 'ట'),
(74, 0, 'భ'),
(74, 1, 'వ'),
(74, 2, 'న'),
(74, 3, 'స'),
(74, 4, 'ము'),
(74, 5, 'దా'),
(74, 6, 'య'),
(74, 7, 'ము'),
(75, 0, 'కం'),
(75, 1, 'జ'),
(75, 2, 'ర'),
(76, 0, 'న'),
(76, 1, 'డి'),
(76, 2, 'క'),
(76, 3, 'ట్టు'),
(77, 0, 'd'),
(77, 1, 'u'),
(77, 2, 'm'),
(77, 3, 'm'),
(77, 4, 'y'),
(78, 0, 'సి'),
(78, 1, 'వం'),
(78, 2, 'గి'),
(79, 0, 'ప'),
(79, 1, 'రి'),
(79, 2, 'కి'),
(79, 3, 'ణి'),
(80, 0, 'కు'),
(80, 1, 'మా'),
(80, 2, 'రి'),
(80, 3, 'క'),
(81, 0, 'ప'),
(81, 1, 'సి'),
(81, 2, 'వా'),
(81, 3, 'డు'),
(82, 0, 'క'),
(82, 1, 'ర్ర'),
(82, 2, 'సా'),
(82, 3, 'ము'),
(83, 0, 'భ'),
(83, 1, 'రి'),
(83, 2, 'ణ'),
(84, 0, 'త'),
(84, 1, 'మ'),
(84, 2, 'ల'),
(84, 3, 'పా'),
(84, 4, 'కు'),
(84, 5, 'లు'),
(85, 0, 'ము'),
(85, 1, 'వ్వ'),
(85, 2, 'లు'),
(86, 0, 'చి'),
(86, 1, 'రు'),
(86, 2, 'త'),
(86, 3, 'పు'),
(86, 4, 'లి'),
(87, 0, 'మె'),
(87, 1, 'రు'),
(87, 2, 'పు'),
(87, 3, 'లు'),
(88, 0, 'జా'),
(88, 1, 'త'),
(88, 2, 'ర'),
(89, 0, 'ఊ'),
(89, 1, 'య'),
(89, 2, 'ల'),
(90, 0, 'అ'),
(90, 1, 'ల్మా'),
(90, 2, 'రా'),
(91, 0, 'ప్ర'),
(91, 1, 'మా'),
(91, 2, 'దం'),
(92, 0, 'ప'),
(92, 1, 'చ్చి'),
(92, 2, 'క'),
(92, 3, 'బ'),
(92, 4, 'య'),
(92, 5, 'లు'),
(93, 0, 'బా'),
(93, 1, 'ణా'),
(93, 2, 'సం'),
(93, 3, 'చా'),
(94, 0, 'దు'),
(94, 1, 'కా'),
(94, 2, 'ణ'),
(94, 3, 'ము'),
(95, 0, 'పే'),
(95, 1, 'క'),
(95, 2, 'ము'),
(95, 3, 'క్క'),
(95, 4, 'లు'),
(96, 0, 'ఊ'),
(96, 1, 'పి'),
(96, 2, 'రి'),
(96, 3, 'తి'),
(96, 4, 'త్తు'),
(96, 5, 'లు'),
(97, 0, 'ప'),
(97, 1, 'ర్వ'),
(97, 2, 'త'),
(97, 3, 'శ్రే'),
(97, 4, 'ణి'),
(98, 0, 'చా'),
(98, 1, 'ర్మి'),
(98, 2, 'నా'),
(98, 3, 'ర్'),
(99, 0, 'నా'),
(99, 1, 'ట్య'),
(99, 2, 'శా'),
(99, 3, 'ల'),
(100, 0, 'అ'),
(100, 1, 'గ్ని'),
(100, 2, 'ప'),
(100, 3, 'ర్వ'),
(100, 4, 'త'),
(100, 5, 'ము'),
(101, 0, 'వీ'),
(101, 1, 'డి'),
(101, 2, 'యో'),
(101, 3, 'స'),
(101, 4, 'మా'),
(101, 5, 'వే'),
(101, 6, 'శ'),
(101, 7, 'ము'),
(102, 0, 'సె'),
(102, 1, 'ౖ'),
(102, 2, 'ని'),
(102, 3, 'కా'),
(102, 4, 'ధి'),
(102, 5, 'కా'),
(102, 6, 'రి'),
(103, 0, 'ఖ'),
(103, 1, 'జా'),
(103, 2, 'నా'),
(104, 0, 'చు'),
(104, 1, 'క్క'),
(104, 2, 'లా'),
(104, 3, 'ట'),
(105, 0, 'గు'),
(105, 1, 'డ్డ'),
(105, 2, 'పీ'),
(105, 3, 'లి'),
(105, 4, 'క'),
(105, 5, 'లు'),
(106, 0, 'ఏ'),
(106, 1, 'కాం'),
(106, 2, 'త'),
(106, 3, 'ము'),
(107, 0, 'జ'),
(107, 1, 'న్మ'),
(107, 2, 'ది'),
(107, 3, 'న'),
(107, 4, 'వే'),
(107, 5, 'డు'),
(107, 6, 'క'),
(108, 0, 'కొం'),
(108, 1, 'డ'),
(108, 2, 'చి'),
(108, 3, 'లు'),
(108, 4, 'వ'),
(109, 0, 'ప'),
(109, 1, 'సు'),
(109, 2, 'పు'),
(109, 3, 'కొ'),
(109, 4, 'మ్ము'),
(110, 0, 'ని'),
(110, 1, 'ప్పు'),
(110, 2, 'కో'),
(110, 3, 'డి'),
(111, 0, 'ఎ'),
(111, 1, 'క్క'),
(111, 2, 'ము'),
(111, 3, 'ల'),
(111, 4, 'ప'),
(111, 5, 'ట్టి'),
(111, 6, 'క'),
(112, 0, 'పం'),
(112, 1, 'దెం'),
(112, 2, 'కో'),
(112, 3, 'ళ్ళు'),
(113, 0, 'ఏ'),
(113, 1, 'డు'),
(113, 2, 'పెం'),
(113, 3, 'కు'),
(113, 4, 'లా'),
(113, 5, 'ట'),
(114, 0, 'గు'),
(114, 1, 'డి'),
(114, 2, 'గం'),
(114, 3, 'ట'),
(114, 4, 'లు'),
(115, 0, 'సౌ'),
(115, 1, 'ర'),
(115, 2, 'మం'),
(115, 3, 'డ'),
(115, 4, 'ల'),
(115, 5, 'ము'),
(116, 0, 'పిం'),
(116, 1, 'డి'),
(116, 2, 'జ'),
(116, 3, 'ల్లె'),
(116, 4, 'డ'),
(117, 0, 'గ'),
(117, 1, 'బ్బి'),
(117, 2, 'ల'),
(117, 3, 'ము'),
(118, 0, 'కు'),
(118, 1, 'టీ'),
(118, 2, 'ర'),
(118, 3, 'ము'),
(119, 0, 'గ'),
(119, 1, 'జ్జ'),
(119, 2, 'ల'),
(119, 3, 'ప'),
(119, 4, 'ల'),
(119, 5, 'క'),
(120, 0, 'గి'),
(120, 1, 'ల'),
(120, 2, 'క'),
(120, 3, 'పా'),
(120, 4, 'ము'),
(121, 0, 'తా'),
(121, 1, 'ళ'),
(121, 2, 'ప'),
(121, 3, 'త్ర'),
(121, 4, 'గ్రం'),
(121, 5, 'థ'),
(121, 6, 'ము'),
(122, 0, 'వ్య'),
(122, 1, 'వ'),
(122, 2, 'సా'),
(122, 3, 'య'),
(122, 4, 'ము'),
(123, 0, 'ఇం'),
(123, 1, 'ద్ర'),
(123, 2, 'ధ'),
(123, 3, 'న'),
(123, 4, 'స్సు'),
(124, 0, 'నా'),
(124, 1, 'గ'),
(124, 2, 'జె'),
(124, 3, 'ము'),
(124, 4, 'డు'),
(125, 0, 'శూ'),
(125, 1, 'న్య'),
(125, 2, 'ము'),
(126, 0, 'రు'),
(126, 1, 'ద్ర'),
(126, 2, 'వీ'),
(126, 3, 'ణ'),
(127, 0, 'రు'),
(127, 1, 'బ్బు'),
(127, 2, 'రో'),
(127, 3, 'లు'),
(128, 0, 'త'),
(128, 1, 'రం'),
(128, 2, 'గం'),
(129, 0, 'కా'),
(129, 1, 'గి'),
(129, 2, 'త'),
(129, 3, 'పు'),
(129, 4, 'ప'),
(129, 5, 'డ'),
(129, 6, 'వ'),
(130, 0, 'గా'),
(130, 1, 'రె'),
(130, 2, 'లు'),
(131, 0, 'జో'),
(131, 1, 'డె'),
(131, 2, 'ద్దు'),
(131, 3, 'లు'),
(132, 0, 'కా'),
(132, 1, 'డె'),
(132, 2, 'ద్దు'),
(132, 3, 'లు'),
(133, 0, 'జ'),
(133, 1, 'డ'),
(133, 2, 'కో'),
(133, 3, 'లా'),
(133, 4, 'ట'),
(133, 5, 'ము'),
(134, 0, 'దే'),
(134, 1, 'శ'),
(134, 2, 'ప'),
(134, 3, 'ట'),
(134, 4, 'ము'),
(135, 0, 'త్రి'),
(135, 1, 'భు'),
(135, 2, 'జ'),
(135, 3, 'ము'),
(135, 4, 'లు'),
(136, 0, 'త'),
(136, 1, 'లు'),
(136, 2, 'పు'),
(136, 3, 'లు'),
(137, 0, 'గు'),
(137, 1, 'ప్పె'),
(137, 2, 'డు'),
(138, 0, 'క'),
(138, 1, 'ట'),
(138, 2, 'క'),
(138, 3, 'టా'),
(138, 4, 'లు'),
(139, 0, 'గు'),
(139, 1, 'రి'),
(139, 2, 'విం'),
(139, 3, 'ద'),
(139, 4, 'గిం'),
(139, 5, 'జ'),
(139, 6, 'లు'),
(140, 0, 'చే'),
(140, 1, 'తి'),
(140, 2, 'వే'),
(140, 3, 'ళ్ళు'),
(141, 0, 'క'),
(141, 1, 'ళ్ళ'),
(141, 2, 'జో'),
(141, 3, 'డు'),
(142, 0, 'బు'),
(142, 1, 'ర్ర'),
(142, 2, 'మీ'),
(142, 3, 'స'),
(142, 4, 'ము'),
(143, 0, 'సా'),
(143, 1, 'లె'),
(143, 2, 'పు'),
(143, 3, 'రు'),
(143, 4, 'గు'),
(144, 0, 'క'),
(144, 1, 'ళ్యా'),
(144, 2, 'ణ'),
(144, 3, 'ము'),
(145, 0, 'చిం'),
(145, 1, 'త'),
(145, 2, 'కా'),
(145, 3, 'య'),
(145, 4, 'లు'),
(146, 0, 'మం'),
(146, 1, 'దు'),
(146, 2, 'లు'),
(147, 0, 'స'),
(147, 1, 'గ'),
(147, 2, 'భా'),
(147, 3, 'గ'),
(147, 4, 'ము'),
(148, 0, 'సా'),
(148, 1, 'గ'),
(148, 2, 'ర'),
(148, 3, 'క'),
(148, 4, 'న్య'),
(149, 0, 'దీ'),
(149, 1, 'పా'),
(149, 2, 'వ'),
(149, 3, 'ళి'),
(150, 0, 'బం'),
(150, 1, 'తు'),
(150, 2, 'లు'),
(151, 0, 'బా'),
(151, 1, 'ల'),
(151, 2, 'బా'),
(151, 3, 'లి'),
(151, 4, 'క'),
(151, 5, 'లు'),
(152, 0, 'జాం'),
(152, 1, 'పం'),
(152, 2, 'డు'),
(153, 0, 'కం'),
(153, 1, 'బ'),
(153, 2, 'ళి'),
(154, 0, 'పు'),
(154, 1, 'స్తె'),
(154, 2, 'లు'),
(155, 0, 'రా'),
(155, 1, 'బం'),
(155, 2, 'దు'),
(156, 0, 'అ'),
(156, 1, 'గ్ని'),
(156, 2, 'క'),
(156, 3, 'ణం'),
(157, 0, 'బు'),
(157, 1, 'రు'),
(157, 2, 'జు'),
(158, 0, 'చీ'),
(158, 1, 'మ'),
(158, 2, 'ల'),
(158, 3, 'పు'),
(158, 4, 'ట్ట'),
(159, 0, 'బొ'),
(159, 1, 'మ్మ'),
(159, 2, 'రి'),
(159, 3, 'ల్లు'),
(160, 0, 'గు'),
(160, 1, 'మ్మ'),
(160, 2, 'ము'),
(161, 0, 'ముం'),
(161, 1, 'గు'),
(161, 2, 'రు'),
(161, 3, 'లు'),
(162, 0, 'బు'),
(162, 1, 'ధ'),
(162, 2, 'వా'),
(162, 3, 'ర'),
(162, 4, 'ము'),
(163, 0, 'నా'),
(163, 1, 'రు'),
(163, 2, 'మ'),
(163, 3, 'డి'),
(164, 0, 'గే'),
(164, 1, 'దె'),
(164, 2, 'ల'),
(164, 3, 'మం'),
(164, 4, 'ద'),
(165, 0, 'జం'),
(165, 1, 'తు'),
(165, 2, 'ప్ర'),
(165, 3, 'ద'),
(165, 4, 'ర్శ'),
(165, 5, 'న'),
(165, 6, 'శా'),
(165, 7, 'ల'),
(166, 0, 'ధా'),
(166, 1, 'న్యా'),
(166, 2, 'గా'),
(166, 3, 'రం'),
(167, 0, 'ప'),
(167, 1, 'క్షు'),
(167, 2, 'లు'),
(168, 0, 'జం'),
(168, 1, 'గం'),
(168, 2, 'దే'),
(168, 3, 'వ'),
(168, 4, 'ర'),
(169, 0, 'త'),
(169, 1, 'పా'),
(169, 2, 'లా'),
(169, 3, 'పె'),
(169, 4, 'ట్టె'),
(170, 0, 'మ'),
(170, 1, 'ర'),
(170, 2, 'మ'),
(170, 3, 'ని'),
(170, 4, 'షి'),
(171, 0, 'మం'),
(171, 1, 'డ'),
(171, 2, 'ప'),
(171, 3, 'ము'),
(172, 0, 'త'),
(172, 1, 'ల'),
(172, 2, 'గ'),
(172, 3, 'డ'),
(172, 4, 'లు'),
(173, 0, 'చ'),
(173, 1, 'ర'),
(173, 2, 'వా'),
(173, 3, 'ణి'),
(174, 0, 'పె'),
(174, 1, 'ళ్లి'),
(174, 2, 'కొ'),
(174, 3, 'డు'),
(174, 4, 'కు'),
(175, 0, 'ప'),
(175, 1, 'ట్టె'),
(175, 2, 'మం'),
(175, 3, 'చ'),
(175, 4, 'ము'),
(176, 0, 'గో'),
(176, 1, 'పు'),
(176, 2, 'ర'),
(176, 3, 'ము'),
(177, 0, 'చ'),
(177, 1, 'లి'),
(177, 2, 'మం'),
(177, 3, 'ట'),
(178, 0, 'నా'),
(178, 1, 'గు'),
(178, 2, 'పా'),
(178, 3, 'ము'),
(179, 0, 'నా'),
(179, 1, 'ట్య'),
(179, 2, 'మ'),
(179, 3, 'యూ'),
(179, 4, 'రి'),
(180, 0, 'ను'),
(180, 1, 'ల'),
(180, 2, 'క'),
(180, 3, 'మం'),
(180, 4, 'చ'),
(180, 5, 'ము'),
(181, 0, 'సా'),
(181, 1, 'ల'),
(181, 2, 'భం'),
(181, 3, 'జి'),
(181, 4, 'క'),
(182, 0, 'ఉం'),
(182, 1, 'గ'),
(182, 2, 'ర'),
(182, 3, 'ము'),
(183, 0, 'గం'),
(183, 1, 'గా'),
(183, 2, 'ళ'),
(183, 3, 'ము'),
(184, 0, 'పా'),
(184, 1, 'ద'),
(184, 2, 'ర'),
(184, 3, 'క్ష'),
(184, 4, 'లు'),
(185, 0, 'కో'),
(185, 1, 'డి'),
(185, 2, 'పుం'),
(185, 3, 'జు'),
(186, 0, 'గొ'),
(186, 1, 'డు'),
(186, 2, 'గు'),
(187, 0, 'పా'),
(187, 1, 'ల'),
(187, 2, 'సీ'),
(187, 3, 'సా'),
(187, 4, 'లు'),
(188, 0, 'నా'),
(188, 1, 'డీ'),
(188, 2, 'మం'),
(188, 3, 'డ'),
(188, 4, 'ల'),
(188, 5, 'ము'),
(189, 0, 'ద'),
(189, 1, 'వా'),
(189, 2, 'ఖా'),
(189, 3, 'నా'),
(190, 0, 'నా'),
(190, 1, 'ట్య'),
(190, 2, 'ము'),
(191, 0, 'మం'),
(191, 1, 'డూ'),
(191, 2, 'క'),
(191, 3, 'ము'),
(192, 0, 'మూ'),
(192, 1, 'ట'),
(192, 2, 'లు'),
(193, 0, 'కా'),
(193, 1, 'ప'),
(193, 2, 'రి'),
(194, 0, 'భి'),
(194, 1, 'క్షు'),
(194, 2, 'వు'),
(195, 0, 'న'),
(195, 1, 'గ'),
(195, 2, 'దు'),
(196, 0, 'యం'),
(196, 1, 'త్ర'),
(196, 2, 'ము'),
(197, 0, 'రం'),
(197, 1, 'గు'),
(197, 2, 'మ'),
(197, 3, 'ర'),
(197, 4, 'క'),
(197, 5, 'లు'),
(198, 0, 'న'),
(198, 1, 'వ్వా'),
(198, 2, 'రు'),
(198, 3, 'మం'),
(198, 4, 'చం'),
(199, 0, 'రో'),
(199, 1, 'లు'),
(199, 2, 'రో'),
(199, 3, 'క'),
(199, 4, 'లి'),
(200, 0, 'మం'),
(200, 1, 'ది'),
(200, 2, 'రం'),
(201, 0, 'చ'),
(201, 1, 'ద'),
(201, 2, 'రం'),
(201, 3, 'గ'),
(201, 4, 'ము'),
(202, 0, 'హె'),
(202, 1, 'లి'),
(202, 2, 'కా'),
(202, 3, 'ప్ట'),
(202, 4, 'రు'),
(203, 0, 'జ'),
(203, 1, 'డ'),
(203, 2, 'కు'),
(203, 3, 'చ్చు'),
(203, 4, 'లు'),
(204, 0, 'ఉం'),
(204, 1, 'గ'),
(204, 2, 'రా'),
(204, 3, 'లు'),
(205, 0, 'తే'),
(205, 1, 'నె'),
(205, 2, 'ప'),
(205, 3, 'ట్టు'),
(206, 0, 'మ'),
(206, 1, 'హి'),
(206, 2, 'ష'),
(206, 3, 'ము'),
(207, 0, 'గా'),
(207, 1, 'లి'),
(207, 2, 'ప'),
(207, 3, 'ట'),
(207, 4, 'ము'),
(208, 0, 'నృ'),
(208, 1, 'త్య'),
(208, 2, 'క'),
(208, 3, 'ళా'),
(208, 4, 'కా'),
(208, 5, 'రి'),
(208, 6, 'ణి'),
(209, 0, 'ము'),
(209, 1, 'త్య'),
(209, 2, 'ము'),
(209, 3, 'లు'),
(210, 0, 'న'),
(210, 1, 'య'),
(210, 2, 'న'),
(210, 3, 'ము'),
(210, 4, 'లు'),
(211, 0, 'గొ'),
(211, 1, 'డ్డ'),
(211, 2, 'లి'),
(212, 0, 'అ'),
(212, 1, 'ల్ల'),
(212, 2, 'ము'),
(213, 0, 'గ'),
(213, 1, 'రి'),
(213, 2, 'క'),
(214, 0, 'లా'),
(214, 1, 'ఠీ'),
(214, 2, 'క'),
(214, 3, 'ర్ర'),
(215, 0, 'లె'),
(215, 1, 'క్క'),
(215, 2, 'ల'),
(215, 3, 'ప'),
(215, 4, 'ల'),
(215, 5, 'క'),
(216, 0, 'కం'),
(216, 1, 'చ'),
(216, 2, 'ము'),
(217, 0, 'గా'),
(217, 1, 'జు'),
(217, 2, 'లు'),
(218, 0, 'ఉ'),
(218, 1, 'త్త'),
(218, 2, 'ర'),
(218, 3, 'ము'),
(219, 0, 'గుం'),
(219, 1, 'డీ'),
(219, 2, 'లు'),
(220, 0, 'వి'),
(220, 1, 'త్త'),
(220, 2, 'న'),
(220, 3, 'ము'),
(220, 4, 'లు'),
(221, 0, 'వా'),
(221, 1, 'ద్య'),
(221, 2, 'బృం'),
(221, 3, 'దం'),
(222, 0, 'కొ'),
(222, 1, 'మ్మ'),
(222, 2, 'లు'),
(223, 0, 'దొ'),
(223, 1, 'న్నె'),
(224, 0, 'బొ'),
(224, 1, 'మ్మ'),
(224, 2, 'లు'),
(225, 0, 'త'),
(225, 1, 'రా'),
(225, 2, 'జు'),
(226, 0, 'ప'),
(226, 1, 'ట'),
(226, 2, 'ము'),
(227, 0, 'ఎ'),
(227, 1, 'లు'),
(227, 2, 'క'),
(228, 0, 'కా'),
(228, 1, 'టు'),
(228, 2, 'క'),
(229, 0, 'చి'),
(229, 1, 'క్కు'),
(229, 2, 'ము'),
(229, 3, 'ళ్ళు'),
(229, 4, ','),
(230, 0, 'పీ'),
(230, 1, 'ట'),
(230, 2, 'ము'),
(230, 3, 'ళ్ళు'),
(230, 4, ','),
(231, 0, 'పీ'),
(231, 1, 'ట'),
(231, 2, 'ము'),
(231, 3, 'డి'),
(231, 4, ','),
(232, 0, 'చి'),
(232, 1, 'క్కు'),
(232, 2, 'ము'),
(232, 3, 'డి'),
(233, 0, 'నీ'),
(233, 1, 'ళ్ళ'),
(233, 2, 'కా'),
(233, 3, 'వ'),
(233, 4, 'డి'),
(234, 0, 'ర'),
(234, 1, 'శీ'),
(234, 2, 'దు'),
(235, 0, 'వ'),
(235, 1, 'డ్డా'),
(235, 2, 'ణ'),
(235, 3, 'ము'),
(236, 0, 'నె'),
(236, 1, 'మ'),
(236, 2, 'లి'),
(236, 3, 'పిం'),
(236, 4, 'ఛా'),
(236, 5, 'లు'),
(237, 0, 'న్యా'),
(237, 1, 'య'),
(237, 2, 'వా'),
(237, 3, 'ది'),
(238, 0, 'గో'),
(238, 1, 'విం'),
(238, 2, 'ద'),
(238, 3, 'నా'),
(238, 4, 'మా'),
(238, 5, 'లు'),
(239, 0, 'కుం'),
(239, 1, 'ప'),
(239, 2, 'టి'),
(240, 0, 'క'),
(240, 1, 'మం'),
(240, 2, 'డ'),
(240, 3, 'ల'),
(240, 4, 'ము'),
(241, 0, 'కా'),
(241, 1, 'లి'),
(241, 2, 'గ'),
(241, 3, 'జ్జె'),
(241, 4, 'లు'),
(242, 0, 'చు'),
(242, 1, 'క్క'),
(242, 2, 'ల'),
(242, 3, 'చీ'),
(242, 4, 'ర'),
(243, 0, 'తొ'),
(243, 1, 'క్కు'),
(243, 2, 'డు'),
(243, 3, 'బి'),
(243, 4, 'ళ్ళ'),
(244, 0, 'ము'),
(244, 1, 'గ్గు'),
(244, 2, 'లు'),
(245, 0, 'వె'),
(245, 1, 'దు'),
(245, 2, 'రు'),
(245, 3, 'బు'),
(245, 4, 'ట్ట'),
(245, 5, 'లు'),
(246, 0, 'ప'),
(246, 1, 'రి'),
(246, 2, 'శు'),
(246, 3, 'ద్ధ'),
(246, 4, 'బై'),
(246, 5, 'బి'),
(246, 6, 'ల్'),
(247, 0, 'నీ'),
(247, 1, 'రా'),
(247, 2, 'జ'),
(247, 3, 'నం'),
(248, 0, 'జ'),
(248, 1, 'ల'),
(248, 2, 'త'),
(248, 3, 'రం'),
(248, 4, 'గి'),
(248, 5, 'ణి'),
(249, 0, 'సం'),
(249, 1, 'గీ'),
(249, 2, 'త'),
(249, 3, 'క'),
(249, 4, 'చే'),
(249, 5, 'రి'),
(250, 0, 'గు'),
(250, 1, 'రు'),
(250, 2, 'త్వా'),
(250, 3, 'క'),
(250, 4, 'ర్హ'),
(250, 5, 'ణ'),
(251, 0, 'ల'),
(251, 1, 'క్క'),
(251, 2, 'పి'),
(251, 3, 'డ'),
(251, 4, 'త'),
(251, 5, 'లు'),
(252, 0, 'అ'),
(252, 1, 'న్న'),
(252, 2, 'ము'),
(253, 0, 'కొ'),
(253, 1, 'ల్లా'),
(253, 2, 'యి'),
(254, 0, 'సం'),
(254, 1, 'కే'),
(254, 2, 'త'),
(254, 3, 'ము'),
(255, 0, 'నాం'),
(255, 1, 'తా'),
(255, 2, 'డు'),
(256, 0, 'పా'),
(256, 1, 'వ'),
(256, 2, 'లా'),
(257, 0, 'చే'),
(257, 1, 'ట'),
(258, 0, 'జూ'),
(258, 1, 'కా'),
(258, 2, 'లు'),
(259, 0, 'పూ'),
(259, 1, 'రి'),
(259, 2, 'పా'),
(259, 3, 'క'),
(259, 4, 'లు'),
(260, 0, 'ము'),
(260, 1, 'న'),
(260, 2, 'గ'),
(260, 3, 'కా'),
(260, 4, 'య'),
(260, 5, 'లు'),
(261, 0, 'ల'),
(261, 1, 'వం'),
(261, 2, 'గా'),
(261, 3, 'లు'),
(262, 0, 'క'),
(262, 1, 'వా'),
(262, 2, 'తు'),
(263, 0, 'ఎం'),
(263, 1, 'డు'),
(263, 2, 'టా'),
(263, 3, 'కు'),
(263, 4, 'లు'),
(264, 0, 'ఫ'),
(264, 1, 'ల'),
(264, 2, 'ము'),
(264, 3, 'లు'),
(265, 0, 'వం'),
(265, 1, 'కీ'),
(265, 2, 'లు'),
(266, 0, 'చీ'),
(266, 1, 'పు'),
(266, 2, 'రు'),
(266, 3, 'క'),
(266, 4, 'ట్ట'),
(267, 0, 'వే'),
(267, 1, 'ట'),
(267, 2, 'గా'),
(267, 3, 'డు'),
(268, 0, 'బో'),
(268, 1, 'షా'),
(268, 2, 'ణ'),
(268, 3, 'ము'),
(269, 0, 'వి'),
(269, 1, 'లు'),
(269, 2, 'కా'),
(269, 3, 'డు'),
(270, 0, 'కం'),
(270, 1, 'డు'),
(270, 2, 'వా'),
(271, 0, 'చె'),
(271, 1, 'ప్పు'),
(271, 2, 'ల'),
(271, 3, 'జ'),
(271, 4, 'త'),
(272, 0, 'మి'),
(272, 1, 'ర'),
(272, 2, 'ప'),
(272, 3, 'కా'),
(272, 4, 'య'),
(273, 0, 'క'),
(273, 1, 'థా'),
(273, 2, 'క'),
(273, 3, 'ళి'),
(274, 0, 'క'),
(274, 1, 'థ'),
(274, 2, 'క్'),
(275, 0, 'లం'),
(275, 1, 'గ'),
(275, 2, 'రు'),
(276, 0, 'పి'),
(276, 1, 'డి'),
(276, 2, 'బా'),
(276, 3, 'కు'),
(277, 0, 'క'),
(277, 1, 'బా'),
(277, 2, 'డీ'),
(278, 0, 'నృ'),
(278, 1, 'పు'),
(278, 2, 'డు'),
(279, 0, 'ము'),
(279, 1, 'త్యం'),
(280, 0, 'బు'),
(280, 1, 'డ'),
(280, 2, 'గ'),
(280, 3, 'లు'),
(281, 0, 'బు'),
(281, 1, 'ర'),
(281, 2, 'ద'),
(281, 3, 'గుం'),
(281, 4, 'ట'),
(282, 0, 'వి'),
(282, 1, 'హం'),
(282, 2, 'గ'),
(282, 3, 'ము'),
(282, 4, 'లు'),
(283, 0, 'నృ'),
(283, 1, 'పా'),
(283, 2, 'లు'),
(283, 3, 'డు'),
(284, 0, 'ఐ'),
(284, 1, 'క'),
(284, 2, 'మ'),
(284, 3, 'త్య'),
(284, 4, 'ము'),
(285, 0, 'ఔ'),
(285, 1, 'ష'),
(285, 2, 'ధ'),
(285, 3, 'ము'),
(286, 0, 'ఒ'),
(286, 1, 'క'),
(286, 2, 'టి'),
(287, 0, 'ఉ'),
(287, 1, 'గ్గు'),
(287, 2, 'గి'),
(287, 3, 'న్నె'),
(288, 0, 'డో'),
(288, 1, 'లి'),
(288, 2, 'క'),
(289, 0, 'పా'),
(289, 1, 'చి'),
(289, 2, 'క'),
(289, 3, 'లు'),
(290, 0, 'వి'),
(290, 1, 'దూ'),
(290, 2, 'ష'),
(290, 3, 'కు'),
(290, 4, 'డు'),
(291, 0, 'ప్ర'),
(291, 1, 'క'),
(291, 2, 'ట'),
(291, 3, 'న'),
(292, 0, 'వి'),
(292, 1, 'ప'),
(292, 2, 'ణి'),
(292, 3, 'వీ'),
(292, 4, 'ధి'),
(293, 0, 'నో'),
(293, 1, 'ట్ల'),
(293, 2, 'క'),
(293, 3, 'ట్ట'),
(293, 4, 'లు'),
(294, 0, 'నా'),
(294, 1, 'ర'),
(294, 2, 'దు'),
(294, 3, 'డు'),
(295, 0, 'వా'),
(295, 1, 'హ'),
(295, 2, 'న'),
(295, 3, 'ము'),
(295, 4, 'లు'),
(296, 0, 'వీ'),
(296, 1, 'ధి'),
(296, 2, 'నా'),
(296, 3, 'ట'),
(296, 4, 'క'),
(296, 5, 'ము'),
(297, 0, 'పిం'),
(297, 1, 'డి'),
(297, 2, 'మ'),
(297, 3, 'ర'),
(298, 0, 'స'),
(298, 1, 'మాం'),
(298, 2, 'త'),
(298, 3, 'ర'),
(298, 4, 'రే'),
(298, 5, 'ఖ'),
(298, 6, 'లు'),
(299, 0, 'ఖ'),
(299, 1, 'డ్గ'),
(299, 2, 'మృ'),
(299, 3, 'గ'),
(299, 4, 'ము'),
(300, 0, 'క'),
(300, 1, 'ప్ప'),
(300, 2, 'తా'),
(300, 3, 'ళ'),
(300, 4, 'ము'),
(301, 0, 'కొం'),
(301, 1, 'డ'),
(301, 2, 'లు'),
(302, 0, 'ప్ర'),
(302, 1, 'మా'),
(302, 2, 'ణ'),
(302, 3, 'ము'),
(303, 0, 'రా'),
(303, 1, 'జ'),
(303, 2, 'భ'),
(303, 3, 'వ'),
(303, 4, 'న'),
(303, 5, 'ము'),
(304, 0, 'అ'),
(304, 1, 'మ్ము'),
(304, 2, 'ల'),
(304, 3, 'పొ'),
(304, 4, 'ది'),
(305, 0, 'పి'),
(305, 1, 'ల్ల'),
(305, 2, 'న'),
(305, 3, 'గ్రో'),
(305, 4, 'వి'),
(306, 0, 'న్యా'),
(306, 1, 'య'),
(306, 2, 'స్థా'),
(306, 3, 'న'),
(306, 4, 'ము'),
(307, 0, 'స'),
(307, 1, 'మూ'),
(307, 2, 'హ'),
(307, 3, 'ము'),
(308, 0, 'వ'),
(308, 1, 'ద'),
(308, 2, 'న'),
(308, 3, 'ము'),
(309, 0, 'కో'),
(309, 1, 'తి'),
(309, 2, 'కొ'),
(309, 3, 'మ్మ'),
(309, 4, 'చ్చి'),
(310, 0, 'మొ'),
(310, 1, 'క్క'),
(310, 2, 'జొ'),
(310, 3, 'న్న'),
(310, 4, 'పే'),
(310, 5, 'లా'),
(310, 6, 'లు'),
(311, 0, 'ట'),
(311, 1, 'ము'),
(311, 2, 'కు'),
(312, 0, 'పు'),
(312, 1, 'స్త'),
(312, 2, 'క'),
(312, 3, 'ము'),
(313, 0, 'మ'),
(313, 1, 'ర'),
(313, 2, 'చెం'),
(313, 3, 'బు'),
(314, 0, 'చు'),
(314, 1, 'ట్ట'),
(314, 2, 'కు'),
(314, 3, 'దు'),
(314, 4, 'రు'),
(315, 0, 'భా'),
(315, 1, 'గ'),
(315, 2, 'హా'),
(315, 3, 'ర'),
(315, 4, 'ము'),
(316, 0, 'లే'),
(316, 1, 'గ'),
(316, 2, 'దూ'),
(316, 3, 'డ'),
(317, 0, 'ఆ'),
(317, 1, 'కు'),
(317, 2, 'లు'),
(317, 3, 'వ'),
(317, 4, 'క్క'),
(317, 5, 'లు'),
(318, 0, 'తు'),
(318, 1, 'వ్వా'),
(318, 2, 'లు'),
(319, 0, 'బొ'),
(319, 1, 'మ్మ'),
(319, 2, 'ల'),
(319, 3, 'కొ'),
(319, 4, 'లు'),
(319, 5, 'వు'),
(320, 0, 'జ'),
(320, 1, 'డ'),
(320, 2, 'కొ'),
(320, 3, 'ప్పు'),
(321, 0, 'కొ'),
(321, 1, 'మ్ము'),
(321, 2, 'బూ'),
(321, 3, 'ర'),
(322, 0, 'బ'),
(322, 1, 'ట్ట'),
(322, 2, 'త'),
(322, 3, 'ల'),
(323, 0, 'వా'),
(323, 1, 'ర్తా'),
(323, 2, 'ప'),
(323, 3, 'త్రి'),
(323, 4, 'క'),
(323, 5, 'లు'),
(324, 0, 'ప'),
(324, 1, 'న్నీ'),
(324, 2, 'రు'),
(324, 3, 'బు'),
(324, 4, 'డ్డి'),
(325, 0, 'గొ'),
(325, 1, 'ల్ల'),
(325, 2, 'భా'),
(325, 3, 'మ'),
(326, 0, 'చి'),
(326, 1, 'ల్ల'),
(326, 2, 'ర'),
(326, 3, 'పై'),
(326, 4, 'స'),
(326, 5, 'లు'),
(327, 0, 'సు'),
(327, 1, 'ద్ద'),
(327, 2, 'ము'),
(327, 3, 'క్క'),
(327, 4, 'లు'),
(328, 0, 'ప'),
(328, 1, 'ద్దు'),
(328, 2, 'పు'),
(328, 3, 'స్త'),
(328, 4, 'కం'),
(329, 0, 'పొ'),
(329, 1, 'ట్టే'),
(329, 2, 'లు'),
(330, 0, 'నీ'),
(330, 1, 'ళ్ళ'),
(330, 2, 'పం'),
(330, 3, 'పు'),
(331, 0, 'బ'),
(331, 1, 'ల్ల'),
(331, 2, 'క'),
(331, 3, 'ట్టు'),
(332, 0, 'తు'),
(332, 1, 'ల'),
(332, 2, 'సి'),
(332, 3, 'కో'),
(332, 4, 'ట'),
(333, 0, 'వా'),
(333, 1, 'లు'),
(333, 2, 'జ'),
(333, 3, 'డ'),
(334, 0, 'గ'),
(334, 1, 'రు'),
(334, 2, 'డ'),
(334, 3, 'ప'),
(334, 4, 'క్షి'),
(335, 0, 'కి'),
(335, 1, 'ర'),
(335, 2, 'స'),
(335, 3, 'నా'),
(335, 4, 'య'),
(335, 5, 'ల'),
(335, 6, 'బు'),
(335, 7, 'డ్డి'),
(336, 0, 'వె'),
(336, 1, 'న్నె'),
(336, 2, 'ము'),
(336, 3, 'క'),
(337, 0, 'అ'),
(337, 1, 'ర'),
(337, 2, 'దం'),
(337, 3, 'డా'),
(337, 4, 'లు'),
(338, 0, 'ఊ'),
(338, 1, 'త'),
(338, 2, 'క'),
(338, 3, 'ర్ర'),
(339, 0, 'ర'),
(339, 1, 'థ'),
(339, 2, 'చో'),
(339, 3, 'ద'),
(339, 4, 'కు'),
(339, 5, 'డు'),
(340, 0, 'చి'),
(340, 1, 'మ్మ'),
(340, 2, 'ట'),
(341, 0, 'తే'),
(341, 1, 'నీ'),
(341, 2, 'రు'),
(342, 0, 'త'),
(342, 1, 'డి'),
(342, 2, 'క'),
(343, 0, 'జా'),
(343, 1, 'ల'),
(343, 2, 'రి'),
(343, 3, 'వ'),
(343, 4, 'ల'),
(344, 0, 'సూ'),
(344, 1, 'దం'),
(344, 2, 'టు'),
(344, 3, 'రా'),
(344, 4, 'యి'),
(345, 0, 'సా'),
(345, 1, 'మా'),
(345, 2, 'ను'),
(346, 0, 'బి'),
(346, 1, 'డి'),
(346, 2, 'య'),
(346, 3, 'ము'),
(347, 0, 'ప'),
(347, 1, 'ట్ట'),
(347, 2, 'ణ'),
(347, 3, 'ము'),
(348, 0, 'వ'),
(348, 1, 'ల'),
(348, 2, 'య'),
(348, 3, 'ము'),
(348, 4, 'లు'),
(349, 0, 'వి'),
(349, 1, 'మా'),
(349, 2, 'న'),
(349, 3, 'ము'),
(350, 0, 'లా'),
(350, 1, 'గు'),
(350, 2, 'డు'),
(350, 3, 'బం'),
(350, 4, 'డి'),
(351, 0, 'సి'),
(351, 1, 'పా'),
(351, 2, 'యి'),
(352, 0, 'ని'),
(352, 1, 'చ్చె'),
(352, 2, 'న'),
(353, 0, 'నా'),
(353, 1, 'వ'),
(354, 0, 'నా'),
(354, 1, 'ట్యం'),
(355, 0, 'వా'),
(355, 1, 'న'),
(355, 2, 'ర'),
(355, 3, 'ము'),
(356, 0, 'మొ'),
(356, 1, 'క్క'),
(356, 2, 'జొ'),
(356, 3, 'న్న'),
(356, 4, 'పొ'),
(356, 5, 'త్తు'),
(356, 6, 'లు'),
(357, 0, 'ఈ'),
(357, 1, 'ల'),
(358, 0, 'భా'),
(358, 1, 'స్క'),
(358, 2, 'రు'),
(358, 3, 'డు'),
(359, 0, 'గో'),
(359, 1, 'నె'),
(359, 2, 'సం'),
(359, 3, 'చి'),
(360, 0, 'కా'),
(360, 1, 'గి'),
(360, 2, 'తం'),
(361, 0, 'వం'),
(361, 1, 'తె'),
(361, 2, 'న'),
(362, 0, 'క'),
(362, 1, 'ర'),
(362, 2, 'ప'),
(362, 3, 'త్ర'),
(362, 4, 'ము'),
(363, 0, 'చీ'),
(363, 1, 'ల'),
(363, 2, 'మం'),
(363, 3, 'డ'),
(364, 0, 'క'),
(364, 1, 'త్తె'),
(364, 2, 'ర'),
(365, 0, 'క'),
(365, 1, 'ల'),
(365, 2, 'ప'),
(366, 0, 'ప్ర'),
(366, 1, 'మి'),
(366, 2, 'ద'),
(367, 0, 'క'),
(367, 1, 'ద'),
(367, 2, 'న'),
(367, 3, 'ము'),
(368, 0, 'సం'),
(368, 1, 'ద'),
(368, 2, 'ర్శ'),
(368, 3, 'కు'),
(368, 4, 'లు'),
(369, 0, 'గు'),
(369, 1, 'న'),
(369, 2, 'ప'),
(369, 3, 'ము'),
(370, 0, 'ఉ'),
(370, 1, 'లి'),
(371, 0, 'అ'),
(371, 1, 'త్త'),
(371, 2, 'రు'),
(371, 3, 'బు'),
(371, 4, 'డ్డి'),
(372, 0, 'గ'),
(372, 1, 'డ్డ'),
(372, 2, 'ము'),
(373, 0, 'గి'),
(373, 1, 'ల'),
(373, 2, 'క'),
(373, 3, 'బా'),
(373, 4, 'వి'),
(374, 0, 'అ'),
(374, 1, 'నా'),
(374, 2, 'మి'),
(374, 3, 'క'),
(375, 0, 'నా'),
(375, 1, 'ట్య'),
(375, 2, 'క'),
(375, 3, 'త్తె'),
(375, 4, 'లు'),
(376, 0, 'కీ'),
(376, 1, 'కా'),
(376, 2, 'ర'),
(376, 3, 'ణ్య'),
(376, 4, 'ము'),
(377, 0, 'కొ'),
(377, 1, 'ర'),
(377, 2, 'డా'),
(378, 0, 'బి'),
(378, 1, 'య్య'),
(378, 2, 'ము'),
(379, 0, 'కా'),
(379, 1, 'వ'),
(379, 2, 'డి'),
(380, 0, 'గ'),
(380, 1, 'ళ్ళ'),
(380, 2, 'చొ'),
(380, 3, 'క్క'),
(381, 0, 'మ'),
(381, 1, 'ల్ల'),
(381, 2, 'యు'),
(381, 3, 'ద్ధ'),
(381, 4, 'ము'),
(382, 0, 'కా'),
(382, 1, 'ను'),
(382, 2, 'క'),
(383, 0, 'పు'),
(383, 1, 'రు'),
(383, 2, 'షు'),
(383, 3, 'లు'),
(384, 0, 'పు'),
(384, 1, 'స్త'),
(384, 2, 'కా'),
(384, 3, 'లు'),
(385, 0, 'వి'),
(385, 1, 'పం'),
(385, 2, 'చి'),
(386, 0, 'తె'),
(386, 1, 'లు'),
(386, 2, 'గు'),
(386, 3, 'అ'),
(386, 4, 'క్ష'),
(386, 5, 'ర'),
(386, 6, 'మా'),
(386, 7, 'ల'),
(387, 0, 'వి'),
(387, 1, 'హం'),
(387, 2, 'గ'),
(387, 3, 'ము'),
(388, 0, 'ఉ'),
(388, 1, 'ద్యా'),
(388, 2, 'న'),
(388, 3, 'ము'),
(389, 0, 'ప్ర'),
(389, 1, 'హే'),
(389, 2, 'ళి'),
(389, 3, 'క'),
(390, 0, 'నా'),
(390, 1, 'ద'),
(390, 2, 'స్వ'),
(390, 3, 'ర'),
(390, 4, 'ము'),
(391, 0, 'ద'),
(391, 1, 'ర్శ'),
(391, 2, 'కు'),
(391, 3, 'డు'),
(392, 0, 'న'),
(392, 1, 'గా'),
(392, 2, 'రా'),
(393, 0, 'ద'),
(393, 1, 'ర్ప'),
(393, 2, 'ణ'),
(393, 3, 'ము'),
(394, 0, 'మం'),
(394, 1, 'చె'),
(395, 0, 'మొ'),
(395, 1, 'క్క'),
(395, 2, 'లు'),
(396, 0, 'బొ'),
(396, 1, 'ప్పా'),
(396, 2, 'యి'),
(396, 3, 'పం'),
(396, 4, 'డు'),
(397, 0, 'చె'),
(397, 1, 'వి'),
(397, 2, 'క'),
(397, 3, 'మ్మ'),
(397, 4, 'లు'),
(398, 0, 'ల'),
(398, 1, 'లా'),
(398, 2, 'ట'),
(398, 3, 'ము'),
(399, 0, 'వే'),
(399, 1, 'ట'),
(399, 2, 'కు'),
(399, 3, 'క్క'),
(400, 0, 'బొ'),
(400, 1, 'ట్టు'),
(400, 2, 'బి'),
(400, 3, 'ళ్ళ'),
(400, 4, 'లు'),
(401, 0, 'పౌ'),
(401, 1, 'రో'),
(401, 2, 'హి'),
(401, 3, 'తు'),
(401, 4, 'డు'),
(402, 0, 'రా'),
(402, 1, 'మ'),
(402, 2, 'చి'),
(402, 3, 'లు'),
(402, 4, 'క'),
(403, 0, 'నా'),
(403, 1, 'సా'),
(403, 2, 'మ'),
(403, 3, 'ణి'),
(404, 0, 'క'),
(404, 1, 'ర్ణ'),
(404, 2, 'ము'),
(405, 0, 'నా'),
(405, 1, 'రిం'),
(405, 2, 'జ'),
(406, 0, 'చి'),
(406, 1, 'త్ర'),
(406, 2, 'ప'),
(406, 3, 'ట'),
(406, 4, 'ము'),
(407, 0, 'కా'),
(407, 1, 'సు'),
(407, 2, 'ల'),
(407, 3, 'పే'),
(407, 4, 'రు'),
(408, 0, 'చి'),
(408, 1, 'ట్టి'),
(408, 2, 'తా'),
(408, 3, 'ళా'),
(408, 4, 'లు'),
(409, 0, 'ఏ'),
(409, 1, 'కా'),
(409, 2, 'కి'),
(410, 0, 'క'),
(410, 1, 'త్తి'),
(410, 2, 'పీ'),
(410, 3, 'ట'),
(411, 0, 'పా'),
(411, 1, 'దు'),
(411, 2, 'క'),
(411, 3, 'లు'),
(412, 0, 'త్రా'),
(412, 1, 'చు'),
(412, 2, 'పా'),
(412, 3, 'ము'),
(413, 0, 'భి'),
(413, 1, 'ష'),
(413, 2, 'క్కు'),
(414, 0, 'దు'),
(414, 1, 'వ్వె'),
(414, 2, 'న'),
(415, 0, 'ఉ'),
(415, 1, 'షో'),
(415, 2, 'ద'),
(415, 3, 'యం'),
(416, 0, 'అ'),
(416, 1, 'గ'),
(416, 2, 'ర'),
(416, 3, 'బ'),
(416, 4, 'త్తు'),
(416, 5, 'లు'),
(417, 0, 'సే'),
(417, 1, 'తు'),
(417, 2, 'వు'),
(418, 0, 'క'),
(418, 1, 'లం'),
(418, 2, 'కా'),
(418, 3, 'రి'),
(419, 0, 'గొ'),
(419, 1, 'బ్బె'),
(419, 2, 'మ్మ'),
(419, 3, 'లు'),
(420, 0, 'దే'),
(420, 1, 'వా'),
(420, 2, 'ల'),
(420, 3, 'య'),
(420, 4, 'ము'),
(421, 0, 'వ'),
(421, 1, 'డి'),
(421, 2, 'సె'),
(421, 3, 'ల'),
(421, 4, 'ప'),
(421, 5, 'ట్టి'),
(422, 0, 'ప'),
(422, 1, 'ర'),
(422, 2, 'శు'),
(422, 3, 'వు'),
(423, 0, 'పె'),
(423, 1, 'ళ్ళి'),
(423, 2, 'కూ'),
(423, 3, 'తు'),
(423, 4, 'రు'),
(424, 0, 'అ'),
(424, 1, 'గ్గి'),
(424, 2, 'పె'),
(424, 3, 'ట్టె'),
(425, 0, 'హ'),
(425, 1, 'రి'),
(425, 2, 'వి'),
(425, 3, 'ల్లు'),
(426, 0, 'రి'),
(426, 1, 'క్షా'),
(427, 0, 'మం'),
(427, 1, 'దా'),
(427, 2, 'ర'),
(427, 3, 'పూ'),
(427, 4, 'లు'),
(428, 0, 'సు'),
(428, 1, 'డి'),
(428, 2, 'గా'),
(428, 3, 'లి'),
(429, 0, 'పి'),
(429, 1, 'చ్చి'),
(429, 2, 'గీ'),
(429, 3, 'త'),
(429, 4, 'లు'),
(430, 0, 'ప'),
(430, 1, 'ర్ణ'),
(430, 2, 'శా'),
(430, 3, 'ల'),
(431, 0, 'మ'),
(431, 1, 'ల్లె'),
(431, 2, 'పూ'),
(431, 3, 'లు'),
(432, 0, 'ఇ'),
(432, 1, 'రు'),
(432, 2, 'సు'),
(433, 0, 'ఎ'),
(433, 1, 'ద్దు'),
(433, 2, 'ల'),
(433, 3, 'బం'),
(433, 4, 'డి'),
(434, 0, 'తే'),
(434, 1, 'లు'),
(435, 0, 'ఆ'),
(435, 1, 'భ'),
(435, 2, 'ర'),
(435, 3, 'ణ'),
(435, 4, 'ము'),
(435, 5, 'లు'),
(436, 0, 'పం'),
(436, 1, 'జ'),
(436, 2, 'రం'),
(437, 0, 'ద'),
(437, 1, 'బ్బ'),
(437, 2, 'న'),
(437, 3, 'ము'),
(438, 0, 'కూ'),
(438, 1, 'ర్మ'),
(438, 2, 'ము'),
(439, 0, 'ట'),
(439, 1, 'మా'),
(439, 2, 'టా'),
(439, 3, 'లు'),
(440, 0, 'పూ'),
(440, 1, 'స'),
(440, 2, 'ల'),
(440, 3, 'గొ'),
(440, 4, 'లు'),
(440, 5, 'సు'),
(441, 0, 'గోం'),
(441, 1, 'గూ'),
(441, 2, 'ర'),
(442, 0, 'గు'),
(442, 1, 'డు'),
(442, 2, 'గు'),
(442, 3, 'డు'),
(442, 4, 'గుం'),
(442, 5, 'జం'),
(443, 0, 'నృ'),
(443, 1, 'ప'),
(443, 2, 'తి'),
(444, 0, 'నృ'),
(444, 1, 'త్య'),
(444, 2, 'ము'),
(445, 0, 'గు'),
(445, 1, 'ర్ర'),
(445, 2, 'ము'),
(446, 0, 'ప'),
(446, 1, 'డ'),
(446, 2, 'వ'),
(447, 0, 'సం'),
(447, 1, 'త'),
(448, 0, 'తో'),
(448, 1, 'ర'),
(448, 2, 'ణ'),
(448, 3, 'ము'),
(449, 0, 'స్నా'),
(449, 1, 'త'),
(449, 2, 'కో'),
(449, 3, 'త్స'),
(449, 4, 'వం'),
(450, 0, 'న'),
(450, 1, 'వ'),
(450, 2, 'ర'),
(450, 3, 'త్నా'),
(450, 4, 'లు'),
(451, 0, 'బా'),
(451, 1, 'ణ'),
(451, 2, 'ము'),
(452, 0, 'పం'),
(452, 1, 'డ్ల'),
(452, 2, 'బు'),
(452, 3, 'ట్ట'),
(453, 0, 'మా'),
(453, 1, 'మి'),
(453, 2, 'డి'),
(453, 3, 'కా'),
(453, 4, 'య'),
(454, 0, 'కా'),
(454, 1, 'గ'),
(454, 2, 'డా'),
(455, 0, 'జం'),
(455, 1, 'తి'),
(455, 2, 'క'),
(455, 3, 'లు'),
(456, 0, 'గా'),
(456, 1, 'లి'),
(456, 2, 'ప'),
(456, 3, 'టా'),
(456, 4, 'లు'),
(457, 0, 'పి'),
(457, 1, 'ల్ల'),
(457, 2, 'లు'),
(458, 0, 'వై'),
(458, 1, 'కుం'),
(458, 2, 'ఠ'),
(458, 3, 'పా'),
(458, 4, 'ళి'),
(459, 0, 'కృ'),
(459, 1, 'ష్ణ'),
(459, 2, 'లో'),
(459, 3, 'హ'),
(459, 4, 'ము'),
(460, 0, 'వి'),
(460, 1, 'క'),
(460, 2, 'లాం'),
(460, 3, 'గు'),
(460, 4, 'డు'),
(461, 0, 'దా'),
(461, 1, 'ల్చి'),
(461, 2, 'ని'),
(461, 3, 'చె'),
(461, 4, 'క్క'),
(462, 0, 'ప'),
(462, 1, 'న'),
(462, 2, 'స'),
(462, 3, 'పం'),
(462, 4, 'డు'),
(463, 0, 'గ'),
(463, 1, 'రి'),
(463, 2, 'టె'),
(464, 0, 'పా'),
(464, 1, 'ర'),
(465, 0, 'కి'),
(465, 1, 'రీ'),
(465, 2, 'ట'),
(465, 3, 'ము'),
(466, 0, 'కొ'),
(466, 1, 'వ్వొ'),
(466, 2, 'త్తు'),
(466, 3, 'లు'),
(467, 0, 'శా'),
(467, 1, 'లు'),
(467, 2, 'వా'),
(468, 0, 'దో'),
(468, 1, 'మ'),
(468, 2, 'తె'),
(468, 3, 'ర'),
(469, 0, 'చ'),
(469, 1, 'ద'),
(469, 2, 'రం'),
(469, 3, 'గం'),
(470, 0, 'కాం'),
(470, 1, 'త'),
(471, 0, 'గోం'),
(471, 1, 'డ్రు'),
(471, 2, 'క'),
(471, 3, 'ప్ప'),
(472, 0, 'వీ'),
(472, 1, 'లు'),
(472, 2, 'నా'),
(472, 3, 'మా'),
(473, 0, 'సొ'),
(473, 1, 'ర'),
(473, 2, 'కా'),
(473, 3, 'య'),
(473, 4, 'లు'),
(474, 0, 'వి'),
(474, 1, 'మా'),
(474, 2, 'నా'),
(474, 3, 'శ్ర'),
(474, 4, 'యం'),
(475, 0, 'నా'),
(475, 1, 'ట్య'),
(475, 2, 'రం'),
(475, 3, 'గ'),
(475, 4, 'ము'),
(476, 0, 'ఉ'),
(476, 1, 'రు'),
(476, 2, 'ము'),
(476, 3, 'లు'),
(477, 0, 'స'),
(477, 1, 'ర'),
(477, 2, 'స్వ'),
(477, 3, 'తి'),
(477, 4, 'వీ'),
(477, 5, 'ణ'),
(478, 0, 'క'),
(478, 1, 'ర'),
(478, 2, 'తా'),
(478, 3, 'ళా'),
(478, 4, 'లు'),
(479, 0, 'ము'),
(479, 1, 'ష్టి'),
(480, 0, 'ద్వి'),
(480, 1, 'చ'),
(480, 2, 'క్ర'),
(480, 3, 'వా'),
(480, 4, 'హ'),
(480, 5, 'న'),
(480, 6, 'ము'),
(481, 0, 'ప'),
(481, 1, 'రు'),
(481, 2, 'గు'),
(481, 3, 'పం'),
(481, 4, 'దెం'),
(482, 0, 'ద'),
(482, 1, 'ర'),
(482, 2, 'ఖా'),
(482, 3, 'స్తు'),
(483, 0, 'స'),
(483, 1, 'బ్బు'),
(483, 2, 'బి'),
(483, 3, 'ళ్ళ'),
(484, 0, 'రా'),
(484, 1, 'కె'),
(484, 2, 'ట్'),
(485, 0, 'వే'),
(485, 1, 'ణు'),
(485, 2, 'వు'),
(486, 0, 'బా'),
(486, 1, 'దు'),
(486, 2, 'షా'),
(486, 3, 'లు'),
(487, 0, 'బూం'),
(487, 1, 'ది'),
(487, 2, 'ల'),
(487, 3, 'డ్డూ'),
(487, 4, 'లు'),
(488, 0, 'ల'),
(488, 1, 'ష్క'),
(488, 2, 'రు'),
(489, 0, 'చే'),
(489, 1, 'తి'),
(489, 2, 'రు'),
(489, 3, 'మా'),
(489, 4, 'లు'),
(490, 0, 'బో'),
(490, 1, 'సి'),
(490, 2, 'నో'),
(490, 3, 'రు'),
(491, 0, 'నా'),
(491, 1, 'లు'),
(491, 2, 'క'),
(492, 0, 'చి'),
(492, 1, 'లు'),
(492, 2, 'క'),
(492, 3, 'కొ'),
(492, 4, 'య్య'),
(493, 0, 'మ'),
(493, 1, 'థిం'),
(493, 2, 'చు'),
(494, 0, 'సా'),
(494, 1, 'న'),
(494, 2, 'రా'),
(494, 3, 'యి'),
(495, 0, 'నృ'),
(495, 1, 'త్య'),
(495, 2, 'కా'),
(495, 3, 'రి'),
(495, 4, 'ణి'),
(496, 0, 'పే'),
(496, 1, 'రి'),
(496, 2, 'ణి'),
(496, 3, 'నృ'),
(496, 4, 'త్య'),
(496, 5, 'ము'),
(497, 0, 'అ'),
(497, 1, 'ట్ల'),
(497, 2, 'పె'),
(497, 3, 'న'),
(497, 4, 'ము'),
(498, 0, 'వీ'),
(498, 1, 'రి'),
(498, 2, 'వీ'),
(498, 3, 'రి'),
(498, 4, 'గు'),
(498, 5, 'మ్మ'),
(498, 6, 'డి'),
(498, 7, 'పం'),
(498, 8, 'డు'),
(499, 0, 'బ'),
(499, 1, 'ల్ల'),
(499, 2, 'గ'),
(499, 3, 'డి'),
(499, 4, 'యా'),
(499, 5, 'ర'),
(499, 6, 'ము'),
(500, 0, 'భ'),
(500, 1, 'ర'),
(500, 2, 'త'),
(500, 3, 'నా'),
(500, 4, 'ట్య'),
(500, 5, 'ము'),
(501, 0, 'ద్ర'),
(501, 1, 'వ'),
(501, 2, 'ము'),
(502, 0, 'వి'),
(502, 1, 'నా'),
(502, 2, 'య'),
(502, 3, 'కు'),
(502, 4, 'డు'),
(503, 0, 'న్యా'),
(503, 1, 'యా'),
(503, 2, 'ల'),
(503, 3, 'యం'),
(504, 0, 'క'),
(504, 1, 'సా'),
(504, 2, 'యి'),
(505, 0, 'మి'),
(505, 1, 'రి'),
(505, 2, 'యా'),
(505, 3, 'లు'),
(506, 0, 'ఆ'),
(506, 1, 'లు'),
(506, 2, 'గ'),
(506, 3, 'డ్డ'),
(506, 4, 'లు'),
(507, 0, 'శి'),
(507, 1, 'శు'),
(507, 2, 'వు'),
(508, 0, 'ఆ'),
(508, 1, 'వి'),
(508, 2, 'రి'),
(508, 3, 'యం'),
(508, 4, 'త్ర'),
(508, 5, 'ము'),
(509, 0, 'వై'),
(509, 1, 'ద్య'),
(509, 2, 'శా'),
(509, 3, 'ల'),
(510, 0, 'తి'),
(510, 1, 'వా'),
(510, 2, 'చి'),
(511, 0, 'చా'),
(511, 1, 'ర'),
(511, 2, 'ల'),
(511, 3, 'చొ'),
(511, 4, 'క్కా'),
(512, 0, 'కం'),
(512, 1, 'క'),
(512, 2, 'ణా'),
(512, 3, 'లు'),
(513, 0, 'అ'),
(513, 1, 'ద్దా'),
(513, 2, 'ల'),
(513, 3, 'మే'),
(513, 4, 'డ'),
(514, 0, 'వెం'),
(514, 1, 'డి'),
(514, 2, 'తె'),
(514, 3, 'ర'),
(515, 0, 'ఆ'),
(515, 1, 'కా'),
(515, 2, 'శ'),
(515, 3, 'వా'),
(515, 4, 'ణి'),
(516, 0, 'గ'),
(516, 1, 'వ్వ'),
(516, 2, 'లు'),
(517, 0, 'గా'),
(517, 1, 'ర'),
(517, 2, 'డీ'),
(517, 3, 'వి'),
(517, 4, 'ద్య'),
(518, 0, 'ఆం'),
(518, 1, 'గి'),
(518, 2, 'కం'),
(519, 0, 'రం'),
(519, 1, 'ధ్ర'),
(519, 2, 'ము'),
(520, 0, 'జా'),
(520, 1, 'బి'),
(520, 2, 'తా'),
(521, 0, 'కొ'),
(521, 1, 'ల'),
(521, 2, 'బ'),
(521, 3, 'ద్ద'),
(522, 0, 'హె'),
(522, 1, 'చ్చ'),
(522, 2, 'రి'),
(522, 3, 'క'),
(523, 0, 'ఎ'),
(523, 1, 'క్కా'),
(523, 2, 'లు'),
(524, 0, 'బొ'),
(524, 1, 'రు'),
(524, 2, 'గు'),
(524, 3, 'లు'),
(525, 0, 'పూ'),
(525, 1, 'ల'),
(525, 2, 'గు'),
(525, 3, 'త్తి'),
(526, 0, 'జ'),
(526, 1, 'ట్కా'),
(526, 2, 'బం'),
(526, 3, 'డి'),
(527, 0, 'పం'),
(527, 1, 'ట్లా'),
(527, 2, 'ము'),
(528, 0, 'కో'),
(528, 1, 'తి'),
(528, 2, 'కొ'),
(528, 3, 'మ్మొ'),
(528, 4, 'చ్చి'),
(529, 0, 'చ'),
(529, 1, 'తు'),
(529, 2, 'ర'),
(529, 3, 'స్ర'),
(529, 4, 'ము'),
(530, 0, 'వ'),
(530, 1, 'క్క'),
(530, 2, 'లా'),
(530, 3, 'కు'),
(530, 4, 'లు'),
(531, 0, 'ఆ'),
(531, 1, 'ట'),
(531, 2, 'గా'),
(531, 3, 'డు'),
(532, 0, 'కూ'),
(532, 1, 'ర'),
(532, 2, 'గా'),
(532, 3, 'య'),
(532, 4, 'లు'),
(533, 0, 'ప'),
(533, 1, 'ద'),
(533, 2, 'కో'),
(533, 3, 'శం'),
(534, 0, 'పా'),
(534, 1, 'ల'),
(534, 2, 'పుం'),
(534, 3, 'త'),
(535, 0, 'సం'),
(535, 1, 'కే'),
(535, 2, 'తం'),
(536, 0, 'రం'),
(536, 1, 'గు'),
(536, 2, 'ల'),
(536, 3, 'రా'),
(536, 4, 'ట్నం'),
(537, 0, 'చి'),
(537, 1, 'క్కు'),
(537, 2, 'డు'),
(537, 3, 'కా'),
(537, 4, 'య'),
(537, 5, 'లు'),
(538, 0, 'సీ'),
(538, 1, 'తా'),
(538, 2, 'కో'),
(538, 3, 'క'),
(538, 4, 'చి'),
(538, 5, 'లు'),
(538, 6, 'క'),
(539, 0, 'క'),
(539, 1, 'ల'),
(539, 2, 'ము'),
(540, 0, 'జో'),
(540, 1, 'డు'),
(540, 2, 'త'),
(540, 3, 'పే'),
(540, 4, 'లా'),
(541, 0, 'ర'),
(541, 1, 'హ'),
(541, 2, 'స్య'),
(541, 3, 'ము'),
(542, 0, 'ప్ర'),
(542, 1, 'తి'),
(542, 2, 'బిం'),
(542, 3, 'బ'),
(542, 4, 'ము'),
(543, 0, 'అ'),
(543, 1, 'లి'),
(543, 2, 'వే'),
(543, 3, 'ణి'),
(543, 4, 'కుం'),
(543, 5, 'డ'),
(544, 0, 'ప'),
(544, 1, 'ప్పు'),
(544, 2, 'గు'),
(544, 3, 'త్తి'),
(545, 0, 'డో'),
(545, 1, 'ల'),
(545, 2, 'క్'),
(546, 0, 'నా'),
(546, 1, 'రి'),
(546, 2, 'కే'),
(546, 3, 'ళ'),
(546, 4, 'ము'),
(547, 0, 'భాం'),
(547, 1, 'గ్రా'),
(547, 2, 'నా'),
(547, 3, 'ట్య'),
(547, 4, 'ము'),
(548, 0, 'సిం'),
(548, 1, 'హా'),
(548, 2, 'స'),
(548, 3, 'న'),
(548, 4, 'ము'),
(549, 0, 'భా'),
(549, 1, 'ర'),
(549, 2, 'త'),
(549, 3, 'దే'),
(549, 4, 'శ'),
(549, 5, 'ము'),
(550, 0, 'క'),
(550, 1, 'వ'),
(550, 2, 'చ'),
(550, 3, 'ము'),
(551, 0, 'త'),
(551, 1, 'ల'),
(551, 2, 'మా'),
(551, 3, 'ని'),
(551, 4, 'క'),
(551, 5, 'ము'),
(552, 0, 'ల'),
(552, 1, 'క్ష్య'),
(552, 2, 'ము'),
(553, 0, 'త'),
(553, 1, 'ల'),
(553, 2, 'కొ'),
(553, 3, 'ప్పు'),
(554, 0, 'పి'),
(554, 1, 'ల్లి'),
(554, 2, 'కూ'),
(554, 3, 'న'),
(554, 4, 'లు'),
(555, 0, 'పు'),
(555, 1, 'ట్ట'),
(555, 2, 'గొ'),
(555, 3, 'డు'),
(555, 4, 'గు'),
(555, 5, 'లు'),
(556, 0, 'లో'),
(556, 1, 'ల'),
(556, 2, 'కు'),
(556, 3, 'లు'),
(557, 0, 'సం'),
(557, 1, 'త'),
(557, 2, 'కం'),
(558, 0, 'క'),
(558, 1, 'బ'),
(558, 2, 'డ్డీ'),
(559, 0, 'బా'),
(559, 1, 'లు'),
(559, 2, 'డు'),
(560, 0, 'ప'),
(560, 1, 'ల్ల'),
(560, 2, 'కి'),
(561, 0, 'క'),
(561, 1, 'మ'),
(561, 2, 'ల'),
(561, 3, 'ము'),
(562, 0, 'తా'),
(562, 1, 'టి'),
(562, 2, 'ముం'),
(562, 3, 'జ'),
(562, 4, 'లు'),
(563, 0, 'ధ్రు'),
(563, 1, 'వీ'),
(563, 2, 'క'),
(563, 3, 'ర'),
(563, 4, 'ణ'),
(564, 0, 'ర'),
(564, 1, 'వి'),
(564, 2, 'క'),
(565, 0, 'ర'),
(565, 1, 'వి'),
(566, 0, 'వి'),
(566, 1, 'ద్యా'),
(566, 2, 'ల'),
(566, 3, 'య'),
(566, 4, 'ము'),
(567, 0, 'వం'),
(567, 1, 'ట'),
(567, 2, 'గ'),
(567, 3, 'ది'),
(568, 0, 'కొ'),
(568, 1, 'బ్బ'),
(568, 2, 'రి'),
(568, 3, 'తు'),
(568, 4, 'రు'),
(568, 5, 'ము'),
(569, 0, 'ఫి'),
(569, 1, 'డే'),
(569, 2, 'లు'),
(570, 0, 'కి'),
(570, 1, 'రా'),
(570, 2, 'ణా'),
(570, 3, 'కొ'),
(570, 4, 'ట్టు'),
(571, 0, 'మి'),
(571, 1, 'ర'),
(571, 2, 'ప'),
(571, 3, 'కా'),
(571, 4, 'య'),
(571, 5, 'బ'),
(571, 6, 'జ్జీ'),
(571, 7, 'లు'),
(572, 0, 'జ'),
(572, 1, 'ల'),
(572, 2, 'క్రీ'),
(572, 3, 'డ'),
(572, 4, 'లు'),
(573, 0, 'మ'),
(573, 1, 'సీ'),
(573, 2, 'దు'),
(574, 0, 'మ'),
(574, 1, 'గ్గ'),
(574, 2, 'ము'),
(575, 0, 'కా'),
(575, 1, 'క'),
(575, 2, 'ర'),
(575, 3, 'కా'),
(575, 4, 'య'),
(575, 5, 'లు'),
(576, 0, 'తా'),
(576, 1, 'త'),
(576, 2, 'య్య'),
(577, 0, 'పె'),
(577, 1, 'ద'),
(577, 2, 'వు'),
(577, 3, 'లు'),
(578, 0, 'పె'),
(578, 1, 'ళ్ళి'),
(578, 2, 'పం'),
(578, 3, 'ది'),
(578, 4, 'రి'),
(579, 0, 'జ'),
(579, 1, 'డ'),
(579, 2, 'బి'),
(579, 3, 'ళ్ళ'),
(579, 4, 'లు'),
(580, 0, 'నా'),
(580, 1, 'రి'),
(581, 0, 'భ'),
(581, 1, 'టు'),
(581, 2, 'డు'),
(582, 0, 'జ'),
(582, 1, 'ల'),
(582, 2, 'పా'),
(582, 3, 'తం'),
(583, 0, 'న'),
(583, 1, 'క్ష'),
(583, 2, 'త్రా'),
(583, 3, 'లు'),
(584, 0, 'ఇ'),
(584, 1, 'టు'),
(584, 2, 'క'),
(584, 3, 'లు'),
(585, 0, 'బ'),
(585, 1, 'త్తా'),
(585, 2, 'యి'),
(585, 3, 'ప'),
(585, 4, 'ళ్ళు'),
(586, 0, 'ఎం'),
(586, 1, 'డ్ర'),
(586, 2, 'కా'),
(586, 3, 'య'),
(587, 0, 'క'),
(587, 1, 'ను'),
(587, 2, 'రె'),
(587, 3, 'ప్ప'),
(587, 4, 'లు'),
(588, 0, 'నా'),
(588, 1, 'ణె'),
(588, 2, 'ము'),
(588, 3, 'లు'),
(589, 0, 'వా'),
(589, 1, 'మ'),
(589, 2, 'న'),
(589, 3, 'గుం'),
(589, 4, 'ట'),
(589, 5, 'లు'),
(590, 0, 'బీ'),
(590, 1, 'ర'),
(590, 2, 'కా'),
(590, 3, 'య'),
(590, 4, 'లు'),
(591, 0, 'గం'),
(591, 1, 'డు'),
(591, 2, 'చీ'),
(591, 3, 'మ'),
(591, 4, 'లు'),
(592, 0, 'వే'),
(592, 1, 'రు'),
(592, 2, 'శె'),
(592, 3, 'న'),
(592, 4, 'గ'),
(592, 5, 'కా'),
(592, 6, 'య'),
(592, 7, 'లు'),
(593, 0, 'వ'),
(593, 1, 'రు'),
(593, 2, 'డు'),
(594, 0, 'క'),
(594, 1, 'డి'),
(594, 2, 'య'),
(594, 3, 'ము'),
(595, 0, 'పా'),
(595, 1, 'ము'),
(595, 2, 'ల'),
(595, 3, 'బు'),
(595, 4, 'ర్ర'),
(596, 0, 'ఘ'),
(596, 1, 'ట'),
(596, 2, 'వా'),
(596, 3, 'ద్య'),
(596, 4, 'ము'),
(597, 0, 'మ'),
(597, 1, 'ట్టి'),
(597, 2, 'కుం'),
(597, 3, 'డ'),
(597, 4, 'లు'),
(598, 0, 'య'),
(598, 1, 'జ్ఞో'),
(598, 2, 'ప'),
(598, 3, 'వీ'),
(598, 4, 'తం'),
(599, 0, 'స'),
(599, 1, 'మా'),
(599, 2, 'ధి'),
(600, 0, 'తా'),
(600, 1, 'లిం'),
(600, 2, 'పు'),
(600, 3, 'గిం'),
(600, 4, 'జ'),
(600, 5, 'లు'),
(601, 0, 'రా'),
(601, 1, 'ళ్ళ'),
(601, 2, 'గా'),
(601, 3, 'జు'),
(601, 4, 'లు'),
(602, 0, 'వం'),
(602, 1, 'ట'),
(602, 2, 'పా'),
(602, 3, 'త్ర'),
(602, 4, 'లు'),
(603, 0, 'కొ'),
(603, 1, 'బ్బ'),
(603, 2, 'రి'),
(603, 3, 'నూ'),
(603, 4, 'నె'),
(604, 0, 'నె'),
(604, 1, 'ల'),
(604, 2, 'వం'),
(604, 3, 'క'),
(605, 0, 'గు'),
(605, 1, 'ల'),
(605, 2, 'క'),
(605, 3, 'రా'),
(605, 4, 'ళ్ళు'),
(606, 0, 'ఎ'),
(606, 1, 'ర్ర'),
(606, 2, 'గ'),
(606, 3, 'డ్డ'),
(606, 4, 'లు'),
(607, 0, 'గ'),
(607, 1, 'జ'),
(607, 2, 'మా'),
(607, 3, 'ల'),
(608, 0, 'గ'),
(608, 1, 'వా'),
(608, 2, 'క్ష'),
(608, 3, 'ము'),
(609, 0, 'తా'),
(609, 1, 'రు'),
(609, 2, 'డ'),
(609, 3, 'బ్బా'),
(610, 0, 'గో'),
(610, 1, 'వు'),
(610, 2, 'ల'),
(610, 3, 'మం'),
(610, 4, 'ద'),
(611, 0, 'మీ'),
(611, 1, 'సం'),
(612, 0, 'లుం'),
(612, 1, 'గి'),
(613, 0, 'బి'),
(613, 1, 'ళ్ళం'),
(613, 2, 'గో'),
(613, 3, 'డు'),
(614, 0, 'యో'),
(614, 1, 'గ'),
(614, 2, 'స'),
(614, 3, 'నా'),
(614, 4, 'లు'),
(615, 0, 'భ'),
(615, 1, 'ల్లూ'),
(615, 2, 'కం'),
(616, 0, 'ట్రా'),
(616, 1, 'క్ట'),
(616, 2, 'రు'),
(617, 0, 'పో'),
(617, 1, 'తు'),
(617, 2, 'రా'),
(617, 3, 'జు'),
(618, 0, 'గ'),
(618, 1, 'ద'),
(619, 0, 'అ'),
(619, 1, 'గ'),
(619, 2, 'డ్త'),
(620, 0, 'అ'),
(620, 1, 'ప్ప'),
(620, 2, 'డా'),
(620, 3, 'లు'),
(621, 0, 'p'),
(621, 1, 'u'),
(621, 2, 'l'),
(621, 3, 'a'),
(621, 4, 'b'),
(621, 5, 'u'),
(621, 6, 't'),
(621, 7, 't'),
(621, 8, 'a'),
(622, 0, 'g'),
(622, 1, 'u'),
(622, 2, 'r'),
(622, 3, 'r'),
(622, 4, 'a'),
(622, 5, 'p'),
(622, 6, 'u'),
(622, 7, 'n'),
(622, 8, 'a'),
(622, 9, 'd'),
(622, 10, 'a'),
(623, 0, 'd'),
(623, 1, 'e'),
(623, 2, 'c'),
(623, 3, 'o'),
(623, 4, 'r'),
(623, 5, 'a'),
(623, 6, 't'),
(623, 7, 'i'),
(623, 8, 'o'),
(623, 9, 'n'),
(624, 0, 'f'),
(624, 1, 'i'),
(624, 2, 'r'),
(624, 3, 's'),
(624, 4, 't'),
(624, 5, 'a'),
(624, 6, 'i'),
(624, 7, 'd'),
(625, 0, 'b'),
(625, 1, 'u'),
(625, 2, 'd'),
(625, 3, 'a'),
(625, 4, 'b'),
(625, 5, 'u'),
(625, 6, 'k'),
(625, 7, 'k'),
(625, 8, 'a'),
(625, 9, 'l'),
(625, 10, 'a'),
(625, 11, 'v'),
(625, 12, 'a'),
(625, 13, 'd'),
(625, 14, 'u'),
(626, 0, 'f'),
(626, 1, 'a'),
(626, 2, 'n'),
(627, 0, 'b'),
(627, 1, 'a'),
(627, 2, 't'),
(627, 3, 'h'),
(627, 4, 'u'),
(627, 5, 'k'),
(627, 6, 'a'),
(627, 7, 'm'),
(627, 8, 'm'),
(627, 9, 'a'),
(628, 0, 'h'),
(628, 1, 'a'),
(628, 2, 'r'),
(628, 3, 'i'),
(628, 4, 'k'),
(628, 5, 'a'),
(628, 6, 't'),
(628, 7, 'h'),
(628, 8, 'a'),
(629, 0, 'p'),
(629, 1, 'r'),
(629, 2, 'i'),
(629, 3, 'c'),
(629, 4, 'k'),
(630, 0, 'c'),
(630, 1, 'a'),
(630, 2, 'n'),
(630, 3, 'e'),
(631, 0, 'f'),
(631, 1, 'a'),
(631, 2, 'c'),
(631, 3, 't'),
(631, 4, 'o'),
(631, 5, 'r'),
(631, 6, 'y'),
(632, 0, 'r'),
(632, 1, 'a'),
(632, 2, 't'),
(632, 3, 'h'),
(632, 4, 'a'),
(632, 5, 'c'),
(632, 6, 'a'),
(632, 7, 'k'),
(632, 8, 'r'),
(632, 9, 'a'),
(632, 10, 'm'),
(632, 11, 'u'),
(633, 0, 't'),
(633, 1, 'h'),
(633, 2, 'e'),
(633, 3, 's'),
(633, 4, 'u'),
(633, 5, 'n'),
(634, 0, 'k'),
(634, 1, 'o'),
(634, 2, 'b'),
(634, 3, 'b'),
(634, 4, 'a'),
(634, 5, 'r'),
(634, 6, 'i'),
(634, 7, 'c'),
(634, 8, 'i'),
(634, 9, 'p'),
(634, 10, 'p'),
(634, 11, 'a'),
(634, 12, 'l'),
(634, 13, 'u'),
(635, 0, 'a'),
(635, 1, 'p'),
(635, 2, 'p'),
(635, 3, 'l'),
(635, 4, 'a'),
(635, 5, 'u'),
(635, 6, 's'),
(635, 7, 'e'),
(636, 0, 'm'),
(636, 1, 'a'),
(636, 2, 'n'),
(636, 3, 'd'),
(636, 4, 'h'),
(636, 5, 'a'),
(636, 6, 'n'),
(636, 7, 'i'),
(637, 0, 'e'),
(637, 1, 'm'),
(637, 2, 'u'),
(637, 3, 'k'),
(637, 4, 'a'),
(637, 5, 'l'),
(637, 6, 'a'),
(637, 7, 'g'),
(637, 8, 'u'),
(637, 9, 'd'),
(637, 10, 'u'),
(638, 0, 'd'),
(638, 1, 'a'),
(638, 2, 'm'),
(638, 3, 'a'),
(638, 4, 'r'),
(638, 5, 'u'),
(638, 6, 'k'),
(638, 7, 'a'),
(638, 8, 'm'),
(638, 9, 'u'),
(639, 0, 'h'),
(639, 1, 'a'),
(639, 2, 'n'),
(639, 3, 'g'),
(639, 4, 'e'),
(639, 5, 'r'),
(640, 0, 'w'),
(640, 1, 'a'),
(640, 2, 't'),
(640, 3, 'e'),
(640, 4, 'r'),
(640, 5, 'f'),
(640, 6, 'a'),
(640, 7, 'l'),
(640, 8, 'l'),
(641, 0, 'b'),
(641, 1, 'r'),
(641, 2, 'o'),
(641, 3, 't'),
(641, 4, 'h'),
(641, 5, 'e'),
(641, 6, 'r'),
(641, 7, 's'),
(642, 0, 'w'),
(642, 1, 'a'),
(642, 2, 's'),
(642, 3, 'p'),
(643, 0, 'c'),
(643, 1, 'o'),
(643, 2, 'm'),
(643, 3, 'e'),
(643, 4, 't'),
(644, 0, 'p'),
(644, 1, 'l'),
(644, 2, 'a'),
(644, 3, 'y'),
(644, 4, 'e'),
(644, 5, 'r'),
(644, 6, 's'),
(645, 0, 't'),
(645, 1, 'a'),
(645, 2, 't'),
(645, 3, 't'),
(645, 4, 'o'),
(645, 5, 'o'),
(646, 0, 's'),
(646, 1, 'c'),
(646, 2, 'a'),
(646, 3, 'r'),
(646, 4, 'e'),
(646, 5, 'c'),
(646, 6, 'r'),
(646, 7, 'o'),
(646, 8, 'w'),
(647, 0, 'r'),
(647, 1, 'o'),
(647, 2, 's'),
(647, 3, 'e'),
(647, 4, 's'),
(648, 0, 't'),
(648, 1, 'o'),
(648, 2, 'e'),
(649, 0, 'c'),
(649, 1, 'o'),
(649, 2, 'r'),
(649, 3, 'd'),
(650, 0, 'a'),
(650, 1, 'm'),
(650, 2, 'm'),
(650, 3, 'a'),
(650, 4, 'l'),
(650, 5, 'a'),
(650, 6, 'k'),
(650, 7, 'k'),
(650, 8, 'a'),
(650, 9, 'l'),
(650, 10, 'u'),
(651, 0, 'h'),
(651, 1, 'i'),
(651, 2, 'd'),
(651, 3, 'e'),
(652, 0, 'a'),
(652, 1, 'n'),
(652, 2, 'a'),
(652, 3, 'n'),
(652, 4, 'a'),
(652, 5, 's'),
(653, 0, 's'),
(653, 1, 'i'),
(653, 2, 'c'),
(653, 3, 'k'),
(653, 4, 'l'),
(653, 5, 'e'),
(654, 0, 's'),
(654, 1, 'p'),
(654, 2, 'a'),
(654, 3, 'r'),
(654, 4, 'r'),
(654, 5, 'o'),
(654, 6, 'w'),
(655, 0, 'c'),
(655, 1, 'h'),
(655, 2, 'i'),
(655, 3, 'm'),
(655, 4, 'n'),
(655, 5, 'e'),
(655, 6, 'y'),
(656, 0, 'n'),
(656, 1, 'u'),
(656, 2, 'l'),
(656, 3, 'a'),
(656, 4, 'k'),
(656, 5, 'a'),
(656, 6, 'm'),
(656, 7, 'a'),
(656, 8, 'n'),
(656, 9, 'c'),
(656, 10, 'a'),
(656, 11, 'm'),
(657, 0, 'a'),
(657, 1, 'v'),
(657, 2, 'u'),
(657, 3, 'l'),
(657, 4, 'a'),
(657, 5, 'd'),
(657, 6, 'o'),
(657, 7, 'd'),
(657, 8, 'd'),
(657, 9, 'i'),
(658, 0, 's'),
(658, 1, 'a'),
(658, 2, 'v'),
(658, 3, 'a'),
(658, 4, 'r'),
(658, 5, 'a'),
(658, 6, 'm'),
(658, 7, 'u'),
(659, 0, 't'),
(659, 1, 'u'),
(659, 2, 'f'),
(659, 3, 't'),
(660, 0, 'u'),
(660, 1, 't'),
(660, 2, 'k'),
(660, 3, 'o'),
(660, 4, 'c'),
(660, 5, 'a'),
(660, 6, 'm'),
(660, 7, 'u'),
(661, 0, 'c'),
(661, 1, 'a'),
(661, 2, 'r'),
(662, 0, 'd'),
(662, 1, 'o'),
(662, 2, 'v'),
(662, 3, 'e'),
(663, 0, 's'),
(663, 1, 'e'),
(663, 2, 'a'),
(664, 0, 'b'),
(664, 1, 'u'),
(664, 2, 'b'),
(664, 3, 'b'),
(664, 4, 'l'),
(664, 5, 'e'),
(665, 0, 'b'),
(665, 1, 'a'),
(665, 2, 'd'),
(665, 3, 'i'),
(665, 4, 'p'),
(665, 5, 'a'),
(665, 6, 'n'),
(665, 7, 't'),
(665, 8, 'u'),
(665, 9, 'l'),
(665, 10, 'a'),
(665, 11, 'm'),
(665, 12, 'm'),
(665, 13, 'a'),
(666, 0, 'o'),
(666, 1, 'n'),
(666, 2, 'i'),
(666, 3, 'o'),
(666, 4, 'n'),
(666, 5, 's'),
(667, 0, 'b'),
(667, 1, 'a'),
(667, 2, 'n'),
(667, 3, 'g'),
(667, 4, 'a'),
(667, 5, 'r'),
(667, 6, 'u'),
(667, 7, 'k'),
(667, 8, 'i'),
(667, 9, 'r'),
(667, 10, 'i'),
(667, 11, 't'),
(667, 12, 'a'),
(667, 13, 'm'),
(667, 14, 'u'),
(668, 0, 's'),
(668, 1, 'a'),
(668, 2, 's'),
(668, 3, 't'),
(668, 4, 'r'),
(668, 5, 'i'),
(668, 6, 'y'),
(668, 7, 'a'),
(668, 8, 'p'),
(668, 9, 'a'),
(668, 10, 'r'),
(668, 11, 'i'),
(668, 12, 'k'),
(668, 13, 'a'),
(668, 14, 'r'),
(668, 15, 'a'),
(668, 16, 'l'),
(668, 17, 'u'),
(669, 0, 'm'),
(669, 1, 'u'),
(669, 2, 'd'),
(669, 3, 'u'),
(669, 4, 'k'),
(669, 5, 'a'),
(669, 6, 'l'),
(669, 7, 'l'),
(669, 8, 'a'),
(669, 9, 'm'),
(669, 10, 'u'),
(669, 11, 's'),
(669, 12, 'a'),
(669, 13, 'l'),
(669, 14, 'i'),
(670, 0, 'v'),
(670, 1, 'i'),
(670, 2, 'c'),
(670, 3, 'a'),
(670, 4, 'r'),
(671, 0, 'a'),
(671, 1, 's'),
(671, 2, 't'),
(671, 3, 'a'),
(671, 4, 'c'),
(671, 5, 'e'),
(671, 6, 'm'),
(671, 7, 'm'),
(671, 8, 'a'),
(672, 0, 'o'),
(672, 1, 'p'),
(672, 2, 'u'),
(672, 3, 'l'),
(672, 4, 'e'),
(672, 5, 'n'),
(672, 6, 'c'),
(672, 7, 'e'),
(673, 0, 'n'),
(673, 1, 'r'),
(673, 2, 't'),
(673, 3, 'y'),
(673, 4, 'a'),
(673, 5, 'p'),
(673, 6, 'r'),
(673, 7, 'i'),
(673, 8, 'y'),
(673, 9, 'u'),
(673, 10, 'd'),
(673, 11, 'u'),
(674, 0, 'm'),
(674, 1, 'u'),
(674, 2, 't'),
(674, 3, 'y'),
(674, 4, 'a'),
(674, 5, 'p'),
(674, 6, 'u'),
(674, 7, 'c'),
(674, 8, 'i'),
(674, 9, 'p'),
(674, 10, 'p'),
(674, 11, 'a'),
(675, 0, 'm'),
(675, 1, 'u'),
(675, 2, 'k'),
(675, 3, 'k'),
(675, 4, 'u'),
(675, 5, 'p'),
(675, 6, 'u'),
(675, 7, 'd'),
(675, 8, 'a'),
(675, 9, 'k'),
(675, 10, 'a'),
(676, 0, 'i'),
(676, 1, 'n'),
(676, 2, 's'),
(676, 3, 'e'),
(676, 4, 'c'),
(676, 5, 't'),
(676, 6, 's'),
(677, 0, 'u'),
(677, 1, 'n'),
(677, 2, 'g'),
(677, 3, 'a'),
(677, 4, 'r'),
(677, 5, 'a'),
(677, 6, 'p'),
(677, 7, 'u'),
(677, 8, 'v'),
(677, 9, 'e'),
(677, 10, 'l'),
(677, 11, 'u'),
(678, 0, 'b'),
(678, 1, 'a'),
(678, 2, 'r'),
(678, 3, 'i'),
(678, 4, 'n'),
(678, 5, 'a'),
(678, 6, 'p'),
(678, 7, 'u'),
(678, 8, 'r'),
(678, 9, 'u'),
(678, 10, 'g'),
(678, 11, 'u'),
(679, 0, 'g'),
(679, 1, 'u'),
(679, 2, 'r'),
(679, 3, 'r'),
(679, 4, 'a'),
(679, 5, 'l'),
(679, 6, 'a'),
(679, 7, 'd'),
(679, 8, 'a'),
(679, 9, 'n'),
(679, 10, 'd'),
(679, 11, 'u'),
(680, 0, 'm'),
(680, 1, 'a'),
(680, 2, 'r'),
(680, 3, 'r'),
(680, 4, 'i'),
(680, 5, 'e'),
(680, 6, 'd'),
(681, 0, 'v'),
(681, 1, 'a'),
(681, 2, 'l'),
(681, 3, 'l'),
(681, 4, 'a'),
(681, 5, 'k'),
(681, 6, 'a'),
(681, 7, 'd'),
(681, 8, 'u'),
(682, 0, 't'),
(682, 1, 'o'),
(682, 2, 'r'),
(682, 3, 'c'),
(682, 4, 'h'),
(682, 5, 'l'),
(682, 6, 'i'),
(682, 7, 'g'),
(682, 8, 'h'),
(682, 9, 't'),
(683, 0, 'c'),
(683, 1, 'a'),
(683, 2, 'l'),
(683, 3, 'v'),
(683, 4, 'a'),
(683, 5, 'r'),
(683, 6, 'i'),
(683, 7, 'u'),
(683, 8, 'm'),
(684, 0, 'p'),
(684, 1, 'a'),
(684, 2, 'r'),
(684, 3, 'a'),
(684, 4, 'l'),
(684, 5, 'o'),
(684, 6, 'k'),
(684, 7, 'a'),
(684, 8, 'p'),
(684, 9, 'a'),
(684, 10, 'y'),
(684, 11, 'a'),
(684, 12, 'n'),
(684, 13, 'a'),
(684, 14, 'm'),
(684, 15, 'u'),
(685, 0, 'b'),
(685, 1, 'o'),
(685, 2, 'n'),
(685, 3, 'e'),
(685, 4, 's'),
(686, 0, 'p'),
(686, 1, 'a'),
(686, 2, 'p'),
(686, 3, 'a'),
(686, 4, 'd'),
(686, 5, 'i'),
(686, 6, 'b'),
(686, 7, 'i'),
(686, 8, 'l'),
(686, 9, 'l'),
(686, 10, 'a'),
(687, 0, 'p'),
(687, 1, 'l'),
(687, 2, 'o'),
(687, 3, 'w'),
(688, 0, 'b'),
(688, 1, 'e'),
(688, 2, 'a'),
(688, 3, 'r'),
(689, 0, 'f'),
(689, 1, 'i'),
(689, 2, 'n'),
(689, 3, 'g'),
(689, 4, 'e'),
(689, 5, 'r'),
(689, 6, 'p'),
(689, 7, 'r'),
(689, 8, 'i'),
(689, 9, 'n'),
(689, 10, 't'),
(690, 0, 'p'),
(690, 1, 'o'),
(690, 2, 'i'),
(690, 3, 's'),
(690, 4, 'o'),
(690, 5, 'n'),
(691, 0, 't'),
(691, 1, 'a'),
(691, 2, 't'),
(691, 3, 'i'),
(691, 4, 'k'),
(691, 5, 'a'),
(691, 6, 'y'),
(691, 7, 'a'),
(691, 8, 'l'),
(691, 9, 'u'),
(692, 0, 'c'),
(692, 1, 'e'),
(692, 2, 'v'),
(692, 3, 'u'),
(692, 4, 'l'),
(692, 5, 'a'),
(692, 6, 'p'),
(692, 7, 'i'),
(692, 8, 'l'),
(692, 9, 'l'),
(692, 10, 'i'),
(693, 0, 'c'),
(693, 1, 'i'),
(693, 2, 'n'),
(693, 3, 't'),
(693, 4, 'a'),
(693, 5, 'p'),
(693, 6, 'i'),
(693, 7, 'k'),
(693, 8, 'k'),
(693, 9, 'a'),
(693, 10, 'l'),
(693, 11, 'a'),
(693, 12, 't'),
(693, 13, 'a'),
(694, 0, 'c'),
(694, 1, 'o'),
(694, 2, 'm'),
(694, 3, 'p'),
(694, 4, 'l'),
(694, 5, 'e'),
(694, 6, 'x'),
(695, 0, 'k'),
(695, 1, 'a'),
(695, 2, 'n'),
(695, 3, 'j'),
(695, 4, 'a'),
(695, 5, 'r'),
(695, 6, 'a'),
(696, 0, 'b'),
(696, 1, 'e'),
(696, 2, 'l'),
(696, 3, 't'),
(696, 4, 'i'),
(696, 5, 'n'),
(696, 6, 'g'),
(697, 0, 'o'),
(697, 1, 'u'),
(697, 2, 'n'),
(697, 3, 'c'),
(697, 4, 'e'),
(698, 0, 'g'),
(698, 1, 'h'),
(698, 2, 'a'),
(698, 3, 'g'),
(698, 4, 'r'),
(698, 5, 'a'),
(699, 0, 'k'),
(699, 1, 'u'),
(699, 2, 'm'),
(699, 3, 'a'),
(699, 4, 'r'),
(699, 5, 'i'),
(699, 6, 'k'),
(699, 7, 'a'),
(700, 0, 'b'),
(700, 1, 'a'),
(700, 2, 'b'),
(700, 3, 'y'),
(701, 0, 'e'),
(701, 1, 'x'),
(701, 2, 'p'),
(701, 3, 'e'),
(701, 4, 'r'),
(701, 5, 't'),
(701, 6, 's'),
(701, 7, 'i'),
(701, 8, 'n'),
(701, 9, 'g'),
(701, 10, 'l'),
(701, 11, 'e'),
(701, 12, 's'),
(701, 13, 't'),
(701, 14, 'i'),
(701, 15, 'c'),
(701, 16, 'k'),
(701, 17, 'p'),
(701, 18, 'l'),
(701, 19, 'a'),
(701, 20, 'y'),
(701, 21, 'e'),
(701, 22, 'r'),
(702, 0, 'p'),
(702, 1, 'y'),
(702, 2, 'x'),
(702, 3, 'i'),
(702, 4, 's'),
(703, 0, 'b'),
(703, 1, 'e'),
(703, 2, 't'),
(703, 3, 'e'),
(703, 4, 'l'),
(704, 0, 'b'),
(704, 1, 'e'),
(704, 2, 'l'),
(704, 3, 'l'),
(704, 4, 's'),
(705, 0, 'l'),
(705, 1, 'e'),
(705, 2, 'o'),
(705, 3, 'p'),
(705, 4, 'a'),
(705, 5, 'r'),
(705, 6, 'd'),
(706, 0, 'l'),
(706, 1, 'i'),
(706, 2, 'g'),
(706, 3, 'h'),
(706, 4, 't'),
(706, 5, 'n'),
(706, 6, 'i'),
(706, 7, 'n'),
(706, 8, 'g'),
(707, 0, 'f'),
(707, 1, 'a'),
(707, 2, 'i'),
(707, 3, 'r'),
(708, 0, 'h'),
(708, 1, 'a'),
(708, 2, 'm'),
(708, 3, 'm'),
(708, 4, 'o'),
(708, 5, 'c'),
(708, 6, 'k'),
(709, 0, 's'),
(709, 1, 'h'),
(709, 2, 'e'),
(709, 3, 'l'),
(709, 4, 'f'),
(710, 0, 'a'),
(710, 1, 'c'),
(710, 2, 'c'),
(710, 3, 'i'),
(710, 4, 'd'),
(710, 5, 'e'),
(710, 6, 'n'),
(710, 7, 't'),
(711, 0, 'l'),
(711, 1, 'e'),
(711, 2, 'a'),
(712, 0, 'f'),
(712, 1, 'i'),
(712, 2, 'r'),
(712, 3, 'e'),
(712, 4, 'w'),
(712, 5, 'o'),
(712, 6, 'r'),
(712, 7, 'k'),
(712, 8, 's'),
(713, 0, 's'),
(713, 1, 'h'),
(713, 2, 'o'),
(713, 3, 'p'),
(714, 0, 'c'),
(714, 1, 'a'),
(714, 2, 'r'),
(714, 3, 'd'),
(715, 0, 'l'),
(715, 1, 'u'),
(715, 2, 'n'),
(715, 3, 'g'),
(715, 4, 's'),
(716, 0, 't'),
(716, 1, 'h'),
(716, 2, 'e'),
(716, 3, 'r'),
(716, 4, 'a'),
(716, 5, 'n'),
(716, 6, 'g'),
(716, 7, 'e'),
(717, 0, 'c'),
(717, 1, 'h'),
(717, 2, 'a'),
(717, 3, 'r'),
(717, 4, 'm'),
(717, 5, 'i'),
(717, 6, 'n'),
(717, 7, 'a'),
(717, 8, 'r'),
(718, 0, 'n'),
(718, 1, 'a'),
(718, 2, 't'),
(718, 3, 'y'),
(718, 4, 'a'),
(718, 5, 's'),
(718, 6, 'a'),
(718, 7, 'l'),
(718, 8, 'a'),
(719, 0, 'v'),
(719, 1, 'o'),
(719, 2, 'l'),
(719, 3, 'c'),
(719, 4, 'a'),
(719, 5, 'n'),
(719, 6, 'i'),
(719, 7, 'c'),
(722, 0, 'శ'),
(722, 1, 'ర'),
(722, 2, 'శ్చం'),
(722, 3, 'ద్ర'),
(724, 0, 'కి'),
(724, 1, 'రీ'),
(724, 2, 'టం'),
(725, 0, 'ఛం'),
(726, 0, 'ధం'),
(727, 0, 'ఫం'),
(729, 0, 'శ్రీ'),
(729, 1, 'ల'),
(729, 2, 'క్ష్మి'),
(730, 0, 'బొ'),
(730, 1, 'త్తం'),
(731, 0, 'ద'),
(731, 1, 'ర్గా'),
(732, 0, 'చె'),
(732, 1, 'క్కి'),
(732, 2, 'లి'),
(733, 0, 'నే'),
(733, 1, 'రే'),
(733, 2, 'డు'),
(733, 3, 'పం'),
(733, 4, 'డు'),
(734, 0, 'తి'),
(734, 1, 'మ్మి'),
(734, 2, 'రి'),
(734, 3, 'బి'),
(734, 4, 'ళ్ళ'),
(734, 5, 'లు'),
(735, 0, 'ప'),
(735, 1, 'ద్మ'),
(735, 2, 'ము'),
(736, 0, 'క'),
(736, 1, 'న్నం'),
(737, 0, 'సుం'),
(737, 1, 'ద'),
(737, 2, 'రి'),
(738, 0, 'సా'),
(738, 1, 'ధు'),
(738, 2, 'వు'),
(739, 0, 'క్రి'),
(739, 1, 'మి'),
(739, 2, 'సం'),
(739, 3, 'హా'),
(739, 4, 'ర'),
(739, 5, 'క'),
(739, 6, 'మం'),
(739, 7, 'దు'),
(740, 0, 'పు'),
(740, 1, 'రు'),
(740, 2, 'గు'),
(740, 3, 'ల'),
(740, 4, 'మం'),
(740, 5, 'దు'),
(741, 0, 'కృ'),
(741, 1, 'ష్ణ'),
(741, 2, 'మృ'),
(741, 3, 'గ'),
(741, 4, 'ము'),
(742, 0, 'వేం'),
(742, 1, 'క'),
(742, 2, 'టే'),
(742, 3, 'శ్వ'),
(742, 4, 'ర'),
(742, 5, 'స్వా'),
(742, 6, 'మి'),
(744, 0, 'పో'),
(744, 1, 'స్టా'),
(744, 2, 'ఫీ'),
(744, 3, 'సు'),
(745, 0, 'తూ'),
(745, 1, 'ము'),
(745, 2, 'లు');

-- --------------------------------------------------------

--
-- Table structure for table `puzzles`
--

CREATE TABLE IF NOT EXISTS `puzzles` (
  `puzzle_id` int(11) NOT NULL,
  `puzzle_name` varchar(75) NOT NULL,
  `creator_email` varchar(100) NOT NULL
) ENGINE=InnoDB AUTO_INCREMENT=338 DEFAULT CHARSET=utf8;

--
-- Dumping data for table `puzzles`
--

INSERT INTO `puzzles` (`puzzle_id`, `puzzle_name`, `creator_email`) VALUES
(263, 'ఆనందమకరందముతెలుగుఎంతబాగుంటుందోతెలుసామీకుశివరామతెలంగాణాతానాతందానా', 'admin'),
(266, 'దదాదిదీదుదూదెదేదైదొదోదౌదం', 'admin'),
(267, 'abcdefghijklmnopqrstuvwxyz', 'admin'),
(268, 'aaaa', 'admin'),
(269, 'aaaa', 'admin'),
(270, 'aaaa', 'admin'),
(271, 'abc', 'admin'),
(272, 'black', 'admin'),
(273, 'name', 'admin'),
(274, 'ద్య', 'admin'),
(275, 'ద్యద్యద్యద్యద్యద్య', 'admin'),
(276, 'ద్యద్యద్యద్యద్యద్య', 'admin'),
(277, 'ద్యద్యద్యద్యద్య', 'admin'),
(278, 'aaaaaaa', 'admin'),
(279, 'metro', 'admin'),
(280, 'metro', 'admin'),
(281, 'metro', 'admin'),
(282, 'metro', 'admin'),
(283, 'ముళ్ళపూడిహరిశ్చంద్రప్రసాదు', 'admin'),
(284, 'ముళ్ళపూడిహరిశ్చంద్రప్రసాదు', 'admin'),
(285, 'ద్య', 'admin'),
(286, 'ఆనందమకరందముతెలుగుఎంతబాగుంటుందోతెలుసామీకుశివరామతెలంగాణాతానాతందానా', 'admin'),
(287, 'తె', 'admin'),
(288, 'ఆనందమకరందముతెలుగుఎంతబాగుంటుందోతెలుసామీకుశివరామతెలంగాణాతానాతందానా', 'admin'),
(289, 'టుం', 'admin'),
(290, 'టుం', 'admin'),
(291, 'టుం', 'admin'),
(292, 'cat', 'admin'),
(293, 'cat', 'admin'),
(294, 'చేతికర్ర', 'admin'),
(295, 'లం', 'admin'),
(296, 'టుం', 'admin'),
(297, 'టుం', 'admin'),
(298, 'లం', 'admin'),
(299, 'లం', 'admin'),
(300, 'లం', 'admin'),
(301, 'లం', 'admin'),
(302, 'ముళ్ళపూడిహరిశ్చంద్రప్రసాదు', 'admin'),
(303, 'ముళ్ళపూడిహరిశ్చంద్రప్రసాదు', 'admin'),
(304, 'శ్చం', 'admin'),
(305, 'ముళ్ళపూడిహరిశ్చంద్రప్రసాదు', 'admin'),
(306, 'కంగంరంచంతంటంలం', 'admin'),
(307, 'mmm', 'admin'),
(308, 'ముళ్ళపూడిహరిశ్చంద్రప్రసాదు', 'admin'),
(309, 'కంగంరంచంతంటంలం', 'admin'),
(310, 'కంగంరంచంతంటంలంబంఛంజంణందంధంనంపంఫంమంవంశంసంషంహం', 'admin'),
(311, 'కంగంరంచంతంటంలంబంఛంజంణందంధంనంపంఫంమంవంశంసంషంహం', 'admin'),
(312, 'శ్చం', 'admin'),
(313, 'శ్చం', 'admin'),
(314, 'శ్చం', 'admin'),
(315, 'శ్చం', 'admin'),
(316, 'ముళ్ళపూడిహరిశ్చంద్రప్రసాదు', 'admin'),
(317, 'శ్చం', 'admin'),
(318, 'సూర్యలక్ష్మి', 'admin'),
(319, 'త్తంపేర్గాక్కినేరె', 'admin'),
(320, 'త్తంపేర్గాక్కినేరె', 'admin'),
(321, 'పద్మనాదెళ్ళ', 'admin'),
(322, 'పద్మనాదెళ్ళ', 'admin'),
(323, 'పద్మనాదెండ్ల', 'admin'),
(324, 'అతిలోకసుందరిజగదేకవీరుడు', 'admin'),
(325, 'అరకుపల్లిమాధవిఅన్నంరాజుసుష్మమేడికొండభారతిఐనంపూడిశ్రీదేవిరామిసెట్టిశెరాముతోడ', 'admin'),
(326, 'న్నంష్మమేక్రిరసుంధు', 'admin'),
(327, 'న్నంష్మమేక్రిరసుంధు', 'admin'),
(328, 'గుమ్మడివెంకటేశ్వరరావు', 'admin'),
(329, 'సిలికానాంధ్రమనబడి', 'admin'),
(330, 'గుమ్మడివెంకటేశ్వరరావు', 'admin'),
(331, 'సుం', 'admin'),
(332, 'గుమ్మడివెంకటేశ్వరరావు', 'admin'),
(333, 'గుమ్మడివెంకటేశ్వరరావు', 'admin'),
(334, 'దారఅప్పలనారాయణ=కుమ్మరిమాస్టారు', 'admin'),
(335, 'రాఘవేంద్రపాతూరి', 'admin'),
(336, 'రాఘవేంద్రపాతూరి', 'admin'),
(337, 'రాఘవేంద్రపాతూరి', 'admin');

-- --------------------------------------------------------

--
-- Table structure for table `puzzle_words`
--

CREATE TABLE IF NOT EXISTS `puzzle_words` (
  `puzzle_id` int(11) NOT NULL,
  `position_in_name` tinyint(4) NOT NULL,
  `word` varchar(50) CHARACTER SET utf8 COLLATE utf8_unicode_ci NOT NULL,
  `clue` varchar(50) CHARACTER SET utf8 COLLATE utf8_unicode_ci NOT NULL
) ENGINE=InnoDB DEFAULT CHARSET=utf8;

--
-- Dumping data for table `puzzle_words`
--

INSERT INTO `puzzle_words` (`puzzle_id`, `position_in_name`, `word`, `clue`) VALUES
(263, 0, 'ఆటగాడు', 'Player'),
(263, 1, 'నీరాజనం', 'Nirajanam'),
(263, 2, 'చదరంగం', 'Chess'),
(263, 3, 'చీమలపుట్ట', 'Hill'),
(263, 4, 'కలము', 'Article'),
(263, 5, 'పంజరం', 'Cage'),
(263, 6, 'గురివిందగింజలు', 'Gurivindaginjalu'),
(263, 7, 'పీటముడి,', 'pitamudi'),
(263, 8, 'వంతెన', 'Bridge'),
(263, 9, 'గులాబీలు', 'Roses'),
(263, 10, 'వీరివీరిగుమ్మడిపండు', 'Virivirigummadipandu'),
(263, 11, 'ఎండుటాకులు', 'Endutakulu'),
(263, 12, 'కాంత', 'Magnetic'),
(263, 13, 'బాణాసంచా', 'Fireworks'),
(263, 14, 'బురదగుంట', 'Buradagunta'),
(263, 15, 'టుం', 'టుం'),
(263, 16, 'దోమతెర', 'Nets'),
(263, 17, 'తె', 'తె'),
(263, 18, 'బాదుషాలు', 'Badusalu'),
(263, 19, 'సాగరం', 'Sea'),
(263, 20, 'మీసం', 'Mustache'),
(263, 21, 'కుమారిక', 'kumarika'),
(263, 22, 'శిశువు', 'Baby'),
(263, 23, 'రాజభవనము', 'ThePalace'),
(263, 24, 'రాళ్ళగాజులు', 'Rallagajulu'),
(263, 25, 'నారుమడి', 'Linen'),
(263, 26, 'వెండితెర', 'Screen'),
(263, 27, 'అలంకరణ', 'Decoration'),
(263, 28, 'సుడిగాలి', 'Tornado'),
(263, 29, 'కంకణాలు', 'Bracelets'),
(263, 30, 'కరతాళము', 'Applause'),
(263, 31, 'నాదస్వరము', 'Nadasvaramu'),
(263, 32, 'కాగితం', 'Paper'),
(263, 33, 'దాల్చినిచెక్క', 'Dalcinicekka'),
(263, 34, 'విమానాశ్రయం', 'Airport'),
(266, 0, 'దరఖాస్తు', 'Application'),
(266, 1, 'భవనసముదాయము', 'Complex'),
(266, 2, 'పెళ్ళిపందిరి', 'Pellipandiri'),
(266, 3, 'దీపావళి', 'Diwali'),
(266, 4, 'దువ్వెన', 'Comb'),
(266, 5, 'లేగదూడ', 'Bobby'),
(266, 6, 'గేదెలమంద', 'Gedelamanda'),
(266, 7, 'దేశపటము', 'Themap'),
(266, 8, 'దై', 'దై'),
(266, 9, 'ఆవులదొడ్డి', 'Avuladoddi'),
(266, 10, 'దోమతెర', 'Nets'),
(266, 11, 'దౌ', 'దౌ'),
(266, 12, 'సూదంటురాయి', 'Reef'),
(267, 0, 'Mutyapucippa', 'Mutyapucippa'),
(267, 1, 'Baby', 'Baby'),
(267, 2, 'Factory', 'Factory'),
(267, 3, 'Leopard', 'Leopard'),
(267, 4, 'Players', 'Players'),
(267, 5, 'Fingerprint', 'Fingerprint'),
(267, 6, 'The range', 'Therange'),
(267, 7, 'Shop', 'Shop'),
(267, 8, 'Onions', 'Onions'),
(267, 9, 'Kanjara', 'Kanjara'),
(267, 10, 'Damarukamu', 'Damarukamu'),
(267, 11, 'Opulence', 'Opulence'),
(267, 12, 'Mudukallamusali', 'Mudukallamusali'),
(267, 13, 'Lightning', 'Lightning'),
(267, 14, 'Complex', 'Complex'),
(267, 15, 'Paralokapayanamu', 'Paralokapayanamu'),
(267, 16, 'q', 'q'),
(267, 17, 'Brothers', 'Brothers'),
(267, 18, 'Ananas', 'Ananas'),
(267, 19, 'Bangarukiritamu', 'Bangarukiritamu'),
(267, 20, 'Pulabutta', 'Pulabutta'),
(267, 21, 'Vallakadu', 'Vallakadu'),
(267, 22, 'Scarecrow', 'Scarecrow'),
(267, 23, 'Expert singlestick player', 'Expertsinglestickplayer'),
(267, 24, 'Chimney', 'Chimney'),
(267, 25, 'z', 'z'),
(268, 0, 'Ammalakkalu', 'Ammalakkalu'),
(268, 1, 'Savaramu', 'Savaramu'),
(268, 2, 'Mudukallamusali', 'Mudukallamusali'),
(268, 3, 'Cintapikkalata', 'Cintapikkalata'),
(269, 0, 'Fair', 'Fair'),
(269, 1, 'Kanjara', 'Kanjara'),
(269, 2, 'Vallakadu', 'Vallakadu'),
(269, 3, 'Sastriyaparikaralu', 'Sastriyaparikaralu'),
(270, 0, 'Kobbaricippalu', 'Kobbaricippalu'),
(270, 1, 'Natyasala', 'Natyasala'),
(270, 2, 'Baby', 'Baby'),
(270, 3, 'Decoration', 'Decoration'),
(271, 0, 'Savaramu', 'Savaramu'),
(271, 1, 'Belting', 'Belting'),
(271, 2, 'Accident', 'Accident'),
(272, 0, 'bells', 'bells'),
(272, 1, 'cintapikkalata', 'cintapikkalata'),
(272, 2, 'vallakadu', 'vallakadu'),
(272, 3, 'volcanic', 'volcanic'),
(272, 4, 'expertsinglestickplayer', 'expertsinglestickplayer'),
(273, 0, 'fingerprint', 'fingerprint'),
(273, 1, 'fan', 'fan'),
(273, 2, 'astacemma', 'astacemma'),
(273, 3, 'bear', 'bear'),
(274, 0, 'వైద్యశాల', 'hospital'),
(275, 0, 'ఘటవాద్యము', 'ghatavadyamu'),
(275, 1, 'గారడీవిద్య', 'garadividya'),
(275, 2, 'వైద్యశాల', 'hospital'),
(275, 3, 'వాద్యబృందం', 'orchestra'),
(275, 4, 'ద్య', 'ద్య'),
(275, 5, 'ద్య', 'ద్య'),
(276, 0, 'వైద్యశాల', 'hospital'),
(276, 1, 'ఘటవాద్యము', 'ghatavadyamu'),
(276, 2, 'వాద్యబృందం', 'orchestra'),
(276, 3, 'ద్య', 'ద్య'),
(276, 4, 'గారడీవిద్య', 'garadividya'),
(276, 5, 'ద్య', 'ద్య'),
(277, 0, 'వాద్యబృందం', 'orchestra'),
(277, 1, 'ఘటవాద్యము', 'ghatavadyamu'),
(277, 2, 'వైద్యశాల', 'hospital'),
(277, 3, 'గారడీవిద్య', 'garadividya'),
(277, 4, 'ద్య', 'ద్య'),
(278, 0, 'cintapikkalata', 'cintapikkalata'),
(278, 1, 'gurraladandu', 'gurraladandu'),
(278, 2, 'kumarika', 'kumarika'),
(278, 3, 'calvarium', 'calvarium'),
(278, 4, 'badipantulamma', 'badipantulamma'),
(278, 5, 'bangarukiritamu', 'bangarukiritamu'),
(278, 6, 'wasp', 'wasp'),
(279, 0, 'comet', 'comet'),
(279, 1, 'hanger', 'hanger'),
(279, 2, 'lightning', 'lightning'),
(279, 3, 'firstaid', 'firstaid'),
(279, 4, 'factory', 'factory'),
(280, 0, 'nulakamancam', 'nulakamancam'),
(280, 1, 'dove', 'dove'),
(280, 2, 'decoration', 'decoration'),
(280, 3, 'sparrow', 'sparrow'),
(280, 4, 'opulence', 'opulence'),
(281, 0, 'chimney', 'chimney'),
(281, 1, 'emukalagudu', 'emukalagudu'),
(281, 2, 'tatikayalu', 'tatikayalu'),
(281, 3, 'kumarika', 'kumarika'),
(281, 4, 'brothers', 'brothers'),
(282, 0, 'savaramu', 'savaramu'),
(282, 1, 'sea', 'sea'),
(282, 2, 'belting', 'belting'),
(282, 3, 'car', 'car'),
(282, 4, 'decoration', 'decoration'),
(283, 0, 'భవనసముదాయము', 'complex'),
(283, 1, 'నీళ్ళకావడి', 'nillakavadi'),
(283, 2, 'పూలబుట్ట', 'pulabutta'),
(283, 3, 'బడిపంతులమ్మ', 'badipantulamma'),
(283, 4, 'హరికథ', 'harikatha'),
(283, 5, 'కలంకారి', 'kalamkari'),
(283, 6, 'శ్చం', 'శ్చం'),
(283, 7, 'రుద్రవీణ', 'rudravina'),
(283, 8, 'ప్రథమచికిత్స', 'firstaid'),
(283, 9, 'కసాయి', 'kasai'),
(283, 10, 'వెదురుబుట్టలు', 'crates'),
(284, 0, 'కమండలము', 'kamandalamu'),
(284, 1, 'బొట్టుబిళ్ళలు', 'bottubillalu'),
(284, 2, 'పూలబుట్ట', 'pulabutta'),
(284, 3, 'బిడియము', 'shamefacedness'),
(284, 4, 'కృష్ణలోహము', 'krsnalohamu'),
(284, 5, 'పరికిణి', 'ghagra'),
(284, 6, 'శ్చం', 'శ్చం'),
(284, 7, 'రుద్రవీణ', 'rudravina'),
(284, 8, 'ప్రహేళిక', 'puzzle'),
(284, 9, 'వ్యవసాయము', 'earing'),
(284, 10, 'చుట్టకుదురు', 'cuttakuduru'),
(285, 0, 'గారడీవిద్య', 'garadividya'),
(286, 0, 'ఆకులువక్కలు', 'akuluvakkalu'),
(286, 1, 'నీరాజనం', 'nirajanam'),
(286, 2, 'పాదరక్షలు', 'footwear'),
(286, 3, 'వామనగుంటలు', 'vamanaguntalu'),
(286, 4, 'కథక్', 'kathak'),
(286, 5, 'చదరంగము', 'chess'),
(286, 6, 'ప్రమిద', 'speech'),
(286, 7, 'త్రిభుజములు', 'triangles'),
(286, 8, 'తెలుగుఅక్షరమాల', 'teluguaksaramala'),
(286, 9, 'ఆలుగడ్డలు', 'potato'),
(286, 10, 'రంగులరాట్నం', 'carousel'),
(286, 11, 'ఎండుటాకులు', 'endutakulu'),
(286, 12, 'తరంగం', 'wave'),
(286, 13, 'బాలబాలికలు', 'forboysandgirls'),
(286, 14, 'బురదగుంట', 'buradagunta'),
(286, 15, 'టుం', 'టుం'),
(286, 16, 'దోమతెర', 'nets'),
(286, 17, 'తె', 'తె'),
(286, 18, 'జడకుచ్చులు', 'jadakucculu'),
(286, 19, 'సాగరం', 'sea'),
(286, 20, 'మీసం', 'mustache'),
(286, 21, 'తమలపాకులు', 'betel'),
(286, 22, 'శిశువు', 'baby'),
(286, 23, 'జాలరివల', 'fishermen'),
(286, 24, 'వివాహితురాలు', 'married'),
(286, 25, 'ప్రథమచికిత్స', 'firstaid'),
(286, 26, 'వంతెన', 'bridge'),
(286, 27, 'కలంకారి', 'kalamkari'),
(286, 28, 'లవంగాలు', 'cloves'),
(286, 29, 'కిరాణాకొట్టు', 'kiranakottu'),
(286, 30, 'తాటికాయలు', 'tatikayalu'),
(286, 31, 'నాట్యకత్తెలు', 'natyakattelu'),
(286, 32, 'కాగితం', 'paper'),
(286, 33, 'దాగుడుమూతలు', 'hide'),
(286, 34, 'చార్మినార్', 'charminar'),
(287, 0, 'వంతెన', 'bridge'),
(288, 0, 'ఆటగాడు', 'player'),
(288, 1, 'నీరాజనం', 'nirajanam'),
(288, 2, 'సందర్శకులు', 'visitors'),
(288, 3, 'తమలపాకులు', 'betel'),
(288, 4, 'కాకరకాయలు', 'bittergourd'),
(288, 5, 'జలతరంగిణి', 'jalatarangini'),
(288, 6, 'కదనము', 'kadanamu'),
(288, 7, 'విద్యాలయము', 'college'),
(288, 8, 'తెలుగుఅక్షరమాల', 'teluguaksaramala'),
(288, 9, 'వార్తాపత్రికలు', 'newspapers'),
(288, 10, 'సాలెపురుగు', 'spider'),
(288, 11, 'ఎండ్రకాయ', 'cancerous'),
(288, 12, 'తలమానికము', 'highlight'),
(288, 13, 'బాణాసంచా', 'fireworks'),
(288, 14, 'గుండీలు', 'buttons'),
(288, 15, 'టుం', 'టుం'),
(288, 16, 'దోమతెర', 'nets'),
(288, 17, 'వంతెన', 'bridge'),
(288, 18, 'సమాంతరరేఖలు', 'samantararekhalu'),
(288, 19, 'నాసామణి', 'nasamani'),
(288, 20, 'మీసం', 'mustache'),
(288, 21, 'కుమారిక', 'kumarika'),
(288, 22, 'శిశువు', 'baby'),
(288, 23, 'నవరత్నాలు', 'navaratnas'),
(288, 24, 'రంగులరాట్నం', 'carousel'),
(288, 25, 'చీమలపుట్ట', 'hill'),
(288, 26, 'వెండితెర', 'screen'),
(288, 27, 'అలంకరణ', 'decoration'),
(288, 28, 'వేటగాడు', 'hunter'),
(288, 29, 'ణా', 'ణా'),
(288, 30, 'తాళపత్రగ్రంథము', 'talapatragranthamu'),
(288, 31, 'యోగసనాలు', 'yogasanalu'),
(288, 32, 'సంకేతం', 'sign'),
(288, 33, 'దాల్చినిచెక్క', 'dalcinicekka'),
(288, 34, 'చార్మినార్', 'charminar'),
(289, 0, 'టుం', 'టుం'),
(290, 0, 'టుం', 'టుం'),
(291, 0, 'టుం', 'టుం'),
(292, 0, 'vicar', 'vicar'),
(292, 1, 'budabukkalavadu', 'budabukkalavadu'),
(292, 2, 'accident', 'accident'),
(293, 0, 'scarecrow', 'scarecrow'),
(293, 1, 'rathacakramu', 'rathacakramu'),
(293, 2, 'tattoo', 'tattoo'),
(294, 0, 'సంగీతకచేరి', 'sangitakaceri'),
(294, 1, 'జంతికలు', 'pretzel'),
(294, 2, 'అగ్నికణం', 'agnikanam'),
(294, 3, 'బుర్రమీసము', 'burramisamu'),
(295, 0, 'అలంకరణ', 'decoration'),
(296, 0, 'టుం', 'టుం'),
(297, 0, 'టుం', 'టుం'),
(298, 0, 'అలంకరణ', 'decoration'),
(299, 0, 'లంగరు', 'anchor'),
(300, 0, 'అలంకరణ', 'decoration'),
(301, 0, 'లంగరు', 'anchor'),
(302, 0, 'ద్విచక్రవాహనము', 'two-wheelers'),
(302, 1, 'పాపడిబిళ్ళ', 'papadibilla'),
(302, 2, 'పూసలగొలుసు', 'pusalagolusu'),
(302, 3, 'పిండిమర', 'flour'),
(302, 4, 'వాహనములు', 'vehicles'),
(302, 5, 'గరిక', 'straw'),
(302, 6, 'శ్చం', 'శ్చం'),
(302, 7, 'రుద్రవీణ', 'rudravina'),
(302, 8, 'ప్రహేళిక', 'puzzle'),
(302, 9, 'సామాను', 'luggage'),
(302, 10, 'మసీదు', 'mosque'),
(303, 0, 'వలయములు', 'rings'),
(303, 1, 'నీళ్ళపంపు', 'nillapampu'),
(303, 2, 'పూలగుత్తి', 'flower'),
(303, 3, 'నీళ్ళకావడి', 'nillakavadi'),
(303, 4, 'ద్విచక్రవాహనము', 'two-wheelers'),
(303, 5, 'హరికథ', 'harikatha'),
(303, 6, 'శ్చం', 'శ్చం'),
(303, 7, 'ఇంద్రధనస్సు', 'rainbow'),
(303, 8, 'ప్రకటన', 'advertisement'),
(303, 9, 'నాసామణి', 'nasamani'),
(303, 10, 'వెదురుబుట్టలు', 'crates'),
(304, 0, 'శ్చం', 'శ్చం'),
(305, 0, 'ఆవిరియంత్రము', 'steamengine'),
(305, 1, 'పాపడిబిళ్ళ', 'papadibilla'),
(305, 2, 'పూరిపాకలు', 'puripakalu'),
(305, 3, 'బిడియము', 'shamefacedness'),
(305, 4, 'హరివిల్లు', 'rainbow'),
(305, 5, 'పేరిణినృత్యము', 'perininrtyamu'),
(305, 6, 'శ్చం', 'శ్చం'),
(305, 7, 'ఇంద్రధనస్సు', 'rainbow'),
(305, 8, 'ప్రమాదం', 'accident'),
(305, 9, 'పాలసీసాలు', 'palasisalu'),
(305, 10, 'రశీదు', 'billing'),
(306, 0, 'కంచము', 'kancamu'),
(306, 1, 'గంగాళము', 'gangalamu'),
(306, 2, 'సాగరం', 'sea'),
(306, 3, 'నవ్వారుమంచం', 'navvarumancam'),
(306, 4, 'సంకేతం', 'sign'),
(306, 5, 'టం', 'టం'),
(306, 6, 'కలంకారి', 'kalamkari'),
(307, 0, 'kumarika', 'kumarika'),
(307, 1, 'ammalakkalu', 'ammalakkalu'),
(307, 2, 'nulakamancam', 'nulakamancam'),
(308, 0, 'కడియము', 'anklet'),
(308, 1, 'నీళ్ళకావడి', 'nillakavadi'),
(308, 2, 'మందారపూలు', 'mandarapulu'),
(308, 3, 'మామిడికాయ', 'mangoes'),
(308, 4, 'సూర్యగ్రహణము', 'thesun'),
(308, 5, 'హరివిల్లు', 'rainbow'),
(308, 6, 'శ్చం', 'శ్చం'),
(308, 7, 'వేలిముద్ర', 'fingerprint'),
(308, 8, 'ప్రతిబింబము', 'image'),
(308, 9, 'వ్యవసాయము', 'earing'),
(308, 10, 'బాదుషాలు', 'badusalu'),
(309, 0, 'భల్లూకం', 'bhallukam'),
(309, 1, 'జంగందేవర', 'jangandevara'),
(309, 2, 'నాట్యరంగము', 'natyarangamu'),
(309, 3, 'నవ్వారుమంచం', 'navvarumancam'),
(309, 4, 'జలపాతం', 'waterfall'),
(309, 5, 'కిరీటం', 'crown'),
(309, 6, 'కలంకారి', 'kalamkari'),
(310, 0, 'కంజర', 'kanjara'),
(310, 1, 'చదరంగం', 'chess'),
(310, 2, 'చదరంగము', 'chess'),
(310, 3, 'నవ్వారుమంచం', 'navvarumancam'),
(310, 4, 'యజ్ఞోపవీతం', 'sacredthread'),
(310, 5, 'కిరీటం', 'crown'),
(310, 6, 'కలంకారి', 'kalamkari'),
(310, 7, 'బంగారుకిరీటము', 'bangarukiritamu'),
(310, 8, 'ఛం', 'ఛం'),
(310, 9, 'గుడుగుడుగుంజం', 'gudugudugunjam'),
(310, 10, 'అగ్నికణం', 'agnikanam'),
(310, 11, 'వాద్యబృందం', 'orchestra'),
(310, 12, 'ధం', 'ధం'),
(310, 13, 'నీరాజనం', 'nirajanam'),
(310, 14, 'పండ్లబుట్ట', 'pandlabutta'),
(310, 15, 'ఫం', 'ఫం'),
(310, 16, 'గేదెలమంద', 'gedelamanda'),
(310, 17, 'లవంగాలు', 'cloves'),
(310, 18, 'పదకోశం', 'glossary'),
(310, 19, 'బాణాసంచా', 'fireworks'),
(310, 20, 'షం', 'షం'),
(310, 21, 'విహంగములు', 'overview'),
(311, 0, 'పద్దుపుస్తకం', 'paddupustakam'),
(311, 1, 'చదరంగం', 'chess'),
(311, 2, 'మందిరం', 'hall'),
(311, 3, 'నులకమంచం', 'nulakamancam'),
(311, 4, 'యజ్ఞోపవీతం', 'sacredthread'),
(311, 5, 'కిరీటం', 'crown'),
(311, 6, 'కలంకారి', 'kalamkari'),
(311, 7, 'లాగుడుబండి', 'lagudubandi'),
(311, 8, 'ఛం', 'cham'),
(311, 9, 'జంతుప్రదర్శనశాల', 'zoo'),
(311, 10, 'అగ్నికణం', 'agnikanam'),
(311, 11, 'సూదంటురాయి', 'reef'),
(311, 12, 'ధం', 'dham'),
(311, 13, 'నీరాజనం', 'nirajanam'),
(311, 14, 'పందెంకోళ్ళు', 'pandenkollu'),
(311, 15, 'ఫం', 'phaM'),
(311, 16, 'మందారపూలు', 'mandarapulu'),
(311, 17, 'వంటపాత్రలు', 'bouldering'),
(311, 18, 'పదకోశం', 'glossary'),
(311, 19, 'సంత', 'st.'),
(311, 20, 'షం', 'షం'),
(311, 21, 'విహంగము', 'airplane'),
(312, 0, 'శ్చం', 'శ్చం'),
(313, 0, 'శరశ్చంద్ర', 'Moon'),
(314, 0, 'శరశ్చంద్ర', 'Moon'),
(315, 0, 'శరశ్చంద్ర', 'Moon'),
(316, 0, 'పాషాణము', 'poison'),
(316, 1, 'మూడుకాళ్ళముసలి', 'mudukallamusali'),
(316, 2, 'పూలబుట్ట', 'pulabutta'),
(316, 3, 'కావడి', 'pandering'),
(316, 4, 'హరివిల్లు', 'rainbow'),
(316, 5, 'గరిటె', 'ladle'),
(316, 6, 'శరశ్చంద్ర', 'Moon'),
(316, 7, 'ఇంద్రధనస్సు', 'rainbow'),
(316, 8, 'ప్రమాణము', 'standard'),
(316, 9, 'సామాను', 'luggage'),
(316, 10, 'నగదు', 'cash'),
(317, 0, 'శరశ్చంద్ర', 'Moon'),
(318, 0, 'సూదంటురాయి', 'reef'),
(318, 1, 'సూర్యగ్రహణము', 'thesun'),
(318, 2, 'లెక్కలపలక', 'lekkalapalaka'),
(318, 3, 'శ్రీలక్ష్మి', 'srilakshmi'),
(319, 0, 'బొత్తం', 'button'),
(319, 1, 'మొక్కజొన్నపేలాలు', 'mokkajonnapelalu'),
(319, 2, 'దర్గా', 'masjid'),
(319, 3, 'చెక్కిలి', 'cheek'),
(319, 4, 'నే', 'నే'),
(319, 5, 'గారెలు', 'gare'),
(320, 0, 'బొత్తం', 'button'),
(320, 1, 'మొక్కజొన్నపేలాలు', 'mokkajonnapelalu'),
(320, 2, 'దర్గా', 'masjid'),
(320, 3, 'చెక్కిలి', 'cheek'),
(320, 4, 'నేరేడుపండు', 'indian black plum fruit'),
(320, 5, 'గారెలు', 'gare'),
(321, 0, 'పరలోకపయనము', 'paralokapayanamu'),
(321, 1, 'ద్మ', 'ద్మ'),
(321, 2, 'నారికేళము', 'narikelamu'),
(321, 3, 'గేదెలమంద', 'gedelamanda'),
(321, 4, 'జడబిళ్ళలు', 'jadabillalu'),
(322, 0, 'పసివాడు', 'baby'),
(322, 1, 'పద్మము', 'lotus'),
(322, 2, 'నాగలి', 'plow'),
(322, 3, 'గేదెలమంద', 'gedelamanda'),
(322, 4, 'నీళ్ళకావడి', 'nillakavadi'),
(323, 0, 'పనసపండు', 'panasapandu'),
(323, 1, 'పద్మము', 'lotus'),
(323, 2, 'అనామిక', 'anonymous'),
(323, 3, 'పరుగుపందెం', 'running'),
(323, 4, 'పండ్లబుట్ట', 'pandlabutta'),
(324, 0, 'అగడ్త', 'fosse'),
(324, 1, 'ప్రతిబింబము', 'image'),
(324, 2, 'లోలకులు', 'lolakulu'),
(324, 3, 'కమండలము', 'kamandalamu'),
(324, 4, 'సుం', 'సుం'),
(324, 5, 'చదరంగము', 'chess'),
(324, 6, 'పెళ్ళిపందిరి', 'pellipandiri'),
(324, 7, 'పంజరం', 'cage'),
(324, 8, 'గరుడపక్షి', 'garudapaksi'),
(324, 9, 'దేశపటము', 'themap'),
(324, 10, 'అలంకరణ', 'decoration'),
(324, 11, 'సరస్వతివీణ', 'sarasvativina'),
(324, 12, 'సోదరులు', 'brothers'),
(324, 13, 'పుట్టగొడుగులు', 'mushrooms'),
(325, 0, 'అత్తరుబుడ్డి', 'ointment'),
(325, 1, 'చారలచొక్కా', 'stripedshirt'),
(325, 2, 'ఏడుపెంకులాట', 'sevenpenkulata'),
(325, 3, 'గునపము', 'gunapamu'),
(325, 4, 'పిల్లికూనలు', 'kittens'),
(325, 5, 'ప్రమాణము', 'standard'),
(325, 6, 'బుధవారము', 'wednesday'),
(325, 7, 'దివిటీ', 'torchlight'),
(325, 8, 'అలివేణికుండ', 'alwayipot'),
(325, 9, 'న్నం', 'న్నం'),
(325, 10, 'అల్మారా', 'shelf'),
(325, 11, 'బురుజు', 'bulwark'),
(325, 12, 'సుద్దముక్కలు', 'chalk'),
(325, 13, 'ష్మ', 'ష్మ'),
(325, 14, 'అద్దాలమేడ', 'glassesofmirrors'),
(325, 15, 'కోడిపుంజు', 'rooster'),
(325, 16, 'కొండలు', 'hills'),
(325, 17, 'బుడగలు', 'bubbles'),
(325, 18, 'భాస్కరుడు', 'bhaskara'),
(325, 19, 'గారడీవిద్య', 'garadividya'),
(325, 20, 'తివాచి', 'rug'),
(325, 21, 'ఐకమత్యము', 'fraternization'),
(325, 22, 'నీరాజనం', 'nirajanam'),
(325, 23, 'మల్లెపూలు', 'flowers'),
(325, 24, 'పీటముడి,', 'pitamudi'),
(325, 25, 'శ్రీలక్ష్మి', 'srilakshmi'),
(325, 26, 'దేవాలయము', 'temple'),
(325, 27, 'వికలాంగుడు', 'handicapped'),
(325, 28, 'పోతురాజు', 'poturaju'),
(325, 29, 'మిరియాలు', 'pepper'),
(325, 30, 'వడిసెలపట్టి', 'vadiselapatti'),
(325, 31, 'ఎక్కములపట్టిక', 'ekkamulapattika'),
(325, 32, 'వేరుశెనగకాయలు', 'verusenagakayalu'),
(325, 33, 'వివాహితురాలు', 'married'),
(325, 34, 'రథచక్రము', 'rathacakramu'),
(325, 35, 'తోరణము', 'festoon'),
(325, 36, 'పనసపండు', 'panasapandu'),
(325, 37, 'పురుషులు', 'men'),
(325, 38, 'కొబ్బరినూనె', 'coconut'),
(325, 39, 'బొమ్మరిల్లు', 'bommarillu'),
(325, 40, 'శరశ్చంద్ర', 'Moon'),
(325, 41, 'మే', 'మే'),
(325, 42, 'ష్', 'ష్'),
(325, 43, 'ఆలుగడ్డలు', 'potato'),
(325, 44, 'తమలపాకులు', 'betel'),
(325, 45, 'పూలగుత్తి', 'flower'),
(325, 46, 'వెండితెర', 'screen'),
(325, 47, 'తడిక', 'thatch'),
(325, 48, 'గాలిపటము', 'kite'),
(325, 49, 'సూదంటురాయి', 'reef'),
(325, 50, 'ప్రథమచికిత్స', 'firstaid'),
(325, 51, 'క్రి', 'క్రి'),
(325, 52, 'కృష్ణలోహము', 'krsnalohamu'),
(325, 53, 'పెళ్ళిపందిరి', 'pellipandiri'),
(325, 54, 'గోంగూర', 'mesta'),
(325, 55, 'కందిరీగ', 'wasp'),
(325, 56, 'మరమనిషి', 'robot'),
(325, 57, 'ప్రహేళిక', 'puzzle'),
(325, 58, 'ఐశ్వర్యము', 'opulence'),
(325, 59, 'ర', 'ర'),
(325, 60, 'గారెలు', 'gare'),
(325, 61, 'పన్నీరుబుడ్డి', 'pannirubuddi'),
(325, 62, 'ఆభరణములు', 'jewelery'),
(325, 63, 'విమానము', 'plane'),
(325, 64, 'గులాబీలు', 'roses'),
(325, 65, 'ఎముకలగూడు', 'emukalagudu'),
(325, 66, 'జంతుప్రదర్శనశాల', 'zoo'),
(325, 67, 'గవాక్షము', 'window'),
(325, 68, 'రుద్రవీణ', 'rudravina'),
(325, 69, 'సుం', 'సుం'),
(325, 70, 'కంబళి', 'blanket'),
(325, 71, 'దోమతెర', 'nets'),
(325, 72, 'ధు', 'ధు'),
(325, 73, 'కనురెప్పలు', 'eyelids'),
(325, 74, 'కిరసనాయలబుడ్డి', 'kirasanayalabuddi'),
(325, 75, 'తులసికోట', 'tulasikota'),
(325, 76, 'విద్యాలయము', 'college'),
(325, 77, 'న్', 'న్'),
(326, 0, 'న్నం', 'న్నం'),
(326, 1, 'ష్మ', 'ష్మ'),
(326, 2, 'అద్దాలమేడ', 'glassesofmirrors'),
(326, 3, 'క్రి', 'క్రి'),
(326, 4, 'భాగహారము', 'division'),
(326, 5, 'సుం', 'సుం'),
(326, 6, 'ధు', 'ధు'),
(327, 0, 'కన్నం', 'hole'),
(327, 1, 'ష్మ', 'ష్మ'),
(327, 2, 'అద్దాలమేడ', 'glassesofmirrors'),
(327, 3, 'క్రి', 'క్రి'),
(327, 4, 'కరతాళము', 'applause'),
(327, 5, 'సుందరి', 'beautiful woman'),
(327, 6, 'సాధువు', 'sadhuvu'),
(328, 0, 'పురుగులమందు', 'pesticide'),
(328, 1, 'బతుకమ్మ', 'bathukamma'),
(328, 2, 'సుడిగాలి', 'tornado'),
(328, 3, 'వెండితెర', 'screen'),
(328, 4, 'కన్నం', 'hole'),
(328, 5, 'టే', 'టే'),
(328, 6, 'ఐశ్వర్యము', 'opulence'),
(328, 7, 'భారతదేశము', 'india'),
(328, 8, 'వివాహితురాలు', 'married'),
(328, 9, 'శిశువు', 'baby'),
(329, 0, 'సిపాయి', 'soldier'),
(329, 1, 'డోలిక', 'dolika'),
(329, 2, 'మామిడికాయ', 'mangoes'),
(329, 3, 'నాంతాడు', 'nantadu'),
(329, 4, 'రంధ్రము', 'hole'),
(329, 5, 'మహిషము', 'mahishastands'),
(329, 6, 'నవ్వారుమంచం', 'navvarumancam'),
(329, 7, 'బత్తాయిపళ్ళు', 'battayipallu'),
(329, 8, 'లాగుడుబండి', 'lagudubandi'),
(330, 0, 'పప్పుగుత్తి', 'pappugutti'),
(330, 1, 'అమ్మలక్కలు', 'ammalakkalu'),
(330, 2, 'నీళ్ళకావడి', 'nillakavadi'),
(330, 3, 'వెండితెర', 'screen'),
(330, 4, 'మండూకము', 'frog'),
(330, 5, 'వేంకటేశ్వరస్వామి', 'Lord Venkateswara'),
(330, 6, 'ఐశ్వర్యము', 'opulence'),
(330, 7, 'కరతాళము', 'applause'),
(330, 8, 'రాకెట్', 'rocket'),
(330, 9, 'పావురము', 'dove'),
(331, 0, 'సుందరి', 'beautiful woman'),
(332, 0, 'తెలుగుఅక్షరమాల', 'teluguaksaramala'),
(332, 1, 'గుమ్మము', 'sill'),
(332, 2, 'కడియము', 'anklet'),
(332, 3, 'వెండితెర', 'screen'),
(332, 4, 'రామచిలుక', 'ramaciluka'),
(332, 5, 'వేంకటేశ్వరస్వామి', 'Lord Venkateswara'),
(332, 6, 'ఐశ్వర్యము', 'opulence'),
(332, 7, 'నవరత్నాలు', 'navaratnas'),
(332, 8, 'నీరాజనం', 'nirajanam'),
(332, 9, 'బొమ్మలకొలువు', 'bommalakoluvu'),
(333, 0, 'తెలుగుఅక్షరమాల', 'teluguaksaramala'),
(333, 1, 'బతుకమ్మ', 'bathukamma'),
(333, 2, 'బల్లగడియారము', 'ballagadiyaramu'),
(333, 3, 'వెండితెర', 'screen'),
(333, 4, 'కుమారిక', 'kumarika'),
(333, 5, 'వేంకటేశ్వరస్వామి', 'Lord Venkateswara'),
(333, 6, 'ఐశ్వర్యము', 'opulence'),
(333, 7, 'అరదండాలు', 'aradandalu'),
(333, 8, 'రాజభవనము', 'thepalace'),
(333, 9, 'పావురము', 'dove'),
(334, 0, 'మందారపూలు', 'mandarapulu'),
(334, 1, 'రంగుమరకలు', 'rangumarakalu'),
(334, 2, 'అప్పడాలు', 'papads'),
(334, 3, 'గోండ్రుకప్ప', 'gondrukappa'),
(334, 4, 'పాలపుంత', 'milkyway'),
(334, 5, 'నారింజ', 'orange'),
(334, 6, 'రామచిలుక', 'ramaciluka'),
(334, 7, 'చింతకాయలు', 'cintakayalu'),
(334, 8, 'పట్టణము', 'city'),
(334, 9, '=', '='),
(334, 10, 'ఆకులువక్కలు', 'akuluvakkalu'),
(334, 11, 'గొబ్బెమ్మలు', 'gobbemmalu'),
(334, 12, 'కుమారిక', 'kumarika'),
(334, 13, 'గోవిందనామాలు', 'govindanamalu'),
(334, 14, 'స్టా', 'స్టా'),
(334, 15, 'బురుజు', 'bulwark'),
(335, 0, 'ఉంగరాలు', 'rings'),
(335, 1, 'ఘటవాద్యము', 'ghatavadyamu'),
(335, 2, 'వేంకటేశ్వరస్వామి', 'Lord Venkateswara'),
(335, 3, 'శరశ్చంద్ర', 'Moon'),
(335, 4, 'ఉల్లిపాయలు', 'onions'),
(335, 5, 'తూ', 'తూ'),
(335, 6, 'బొమ్మరిల్లు', 'bommarillu'),
(336, 0, 'శాస్త్రీయపరికరాలు', 'sastriyaparikaralu'),
(336, 1, 'ఘటవాద్యము', 'ghatavadyamu'),
(336, 2, 'వేంకటేశ్వరస్వామి', 'Lord Venkateswara'),
(336, 3, 'ద్రవము', 'humor'),
(336, 4, 'గిలకపాము', 'gilakapamu'),
(336, 5, 'తూములు', 'drainage pipes'),
(336, 6, 'కొబ్బరితురుము', 'kobbariturumu'),
(337, 0, 'శాస్త్రీయపరికరాలు', 'sastriyaparikaralu'),
(337, 1, 'ఘటవాద్యము', 'ghatavadyamu'),
(337, 2, 'వేంకటేశ్వరస్వామి', 'Lord Venkateswara'),
(337, 3, 'ఇంద్రధనస్సు', 'rainbow'),
(337, 4, 'వంటపాత్రలు', 'bouldering'),
(337, 5, 'తూములు', 'drainage pipes'),
(337, 6, 'కొబ్బరినూనె', 'coconut');

-- --------------------------------------------------------

--
-- Table structure for table `users`
--

CREATE TABLE IF NOT EXISTS `users` (
  `user_email` varchar(100) NOT NULL COMMENT 'email address is the key',
  `username` varchar(50) NOT NULL COMMENT 'if the user doesn''t want to display the user name',
  `user_password` varchar(65) NOT NULL COMMENT 'for storing the password',
  `id_verified` tinyint(1) NOT NULL COMMENT '0 for false, 1 for true',
  `activation_token` varchar(25) NOT NULL COMMENT 'for storing the activation code when the users register or forget password',
  `role` tinyint(1) NOT NULL COMMENT '0 for ADMIN, 1 for registered user'
) ENGINE=InnoDB DEFAULT CHARSET=utf8;

--
-- Dumping data for table `users`
--

INSERT INTO `users` (`user_email`, `username`, `user_password`, `id_verified`, `activation_token`, `role`) VALUES
('fm2584uk@metrostate.edu', 'prashant', '5baa61e4c9b93f3f0682250b6cf8331b7ee68fd8', 1, '753951', 0),
('hp6449qy@metrostate.edu', 'tyler', '5baa61e4c9b93f3f0682250b6cf8331b7ee68fd8', 1, '1234', 0),
('test', 'test', 'test', 1, '751', 0),
('user', 'user', 'user', 1, '751433', 1);

-- --------------------------------------------------------

--
-- Table structure for table `words`
--

CREATE TABLE IF NOT EXISTS `words` (
  `word_id` int(11) NOT NULL,
  `word` varchar(75) CHARACTER SET utf8 COLLATE utf8_unicode_ci NOT NULL COMMENT 'words that have been added',
  `english_word` varchar(1000) CHARACTER SET utf8 COLLATE utf8_unicode_ci NOT NULL,
  `image` varchar(40) NOT NULL
) ENGINE=InnoDB AUTO_INCREMENT=746 DEFAULT CHARSET=utf8;

--
-- Dumping data for table `words`
--

INSERT INTO `words` (`word_id`, `word`, `english_word`, `image`) VALUES
(1, 'పూలబుట్ట', 'pulabutta', 'image3.png'),
(2, 'గుర్రపునాడా', 'gurrapunada', 'image4.png'),
(3, 'అలంకరణ', 'decoration', 'image5.png'),
(4, 'ప్రథమచికిత్స', 'firstaid', 'image6.png'),
(5, 'బుడబుక్కలవాడు', 'budabukkalavadu', 'image10.png'),
(6, 'విసనకర్ర', 'fan', 'image9.png'),
(7, 'బతుకమ్మ', 'bathukamma', 'image12.png'),
(8, 'హరికథ', 'harikatha', 'image11.png'),
(9, 'బుడతడు', 'prick', 'image16.png'),
(10, 'చేతికర్ర', 'cane', 'image15.png'),
(11, 'కర్మాగారము', 'factory', 'image18.png'),
(12, 'రథచక్రము', 'rathacakramu', 'image14.png'),
(13, 'సూర్యగ్రహణము', 'thesun', 'image23.png'),
(14, 'కొబ్బరిచిప్పలు', 'kobbaricippalu', 'image21.png'),
(15, 'కరతాళము', 'applause', 'image20.png'),
(16, 'మంధని', 'mandhani', 'image19.png'),
(17, 'ఎముకలగూడు', 'emukalagudu', 'image27.png'),
(18, 'డమరుకము', 'damarukamu', 'image24.png'),
(19, 'కరవాలము', 'hanger', 'image28.png'),
(20, 'జలపాతము', 'waterfall', 'image29.png'),
(21, 'సోదరులు', 'brothers', 'image25.png'),
(22, 'కందిరీగ', 'wasp', 'image26.png'),
(23, 'తోకచుక్క', 'comet', 'image33.png'),
(24, 'క్రీడాకారులు', 'players', 'image32.png'),
(25, 'పచ్చబొట్టు', 'tattoo', 'image34.png'),
(26, 'దిష్టిబొమ్మ', 'scarecrow', 'image35.png'),
(27, 'గులాబీలు', 'roses', 'image36.png'),
(28, 'బొటనవేలు', 'toe', 'image31.png'),
(29, 'పురికొస', 'cord', 'image42.png'),
(30, 'అమ్మలక్కలు', 'ammalakkalu', 'image39.png'),
(31, 'దాగుడుమూతలు', 'hide', 'image41.png'),
(32, 'అనాసపండు', 'ananas', 'image38.png'),
(33, 'కొడవలి', 'sickle', 'image40.png'),
(34, 'పిచ్చుక', 'sparrow', 'image47.png'),
(35, 'పొగగొట్టము', 'chimney', 'image999.png'),
(36, 'నులకమంచం', 'nulakamancam', 'image48.jpeg'),
(37, 'ఆవులదొడ్డి', 'avuladoddi', 'image45.jpeg'),
(38, 'సవరము', 'savaramu', 'image49.jpeg'),
(39, 'పిలక', 'tuft', 'image999.png'),
(40, 'ఉత్కోచము', 'utkocamu', 'image999.png'),
(41, 'కారు', 'car', 'image999.png'),
(42, 'పావురము', 'dove', 'image999.png'),
(43, 'సాగరం', 'sea', 'image999.png'),
(44, 'బుడగ', 'bubble', 'image999.png'),
(45, 'బడిపంతులమ్మ', 'badipantulamma', 'image58.png'),
(46, 'ఉల్లిపాయలు', 'onions', 'image57.png'),
(47, 'బంగారుకిరీటము', 'bangarukiritamu', 'image52.png'),
(48, 'శాస్త్రీయపరికరాలు', 'sastriyaparikaralu', 'image54.png'),
(49, 'మూడుకాళ్ళముసలి', 'mudukallamusali', 'image55.png'),
(50, 'పురోహితుడు', 'vicar', 'image56.png'),
(51, 'అష్టాచెమ్మ', 'astacemma', 'image64.png'),
(52, 'ఐశ్వర్యము', 'opulence', 'image62.png'),
(53, 'నృత్యప్రియుడు', 'nrtyapriyudu', 'image60.png'),
(54, 'ముత్యపుచిప్ప', 'mutyapucippa', 'image59.png'),
(55, 'ముక్కుపుడక', 'mukkupudaka', 'image61.png'),
(56, 'కీటకాలు', 'insects', 'image70.png'),
(57, 'ఉంగరపువేలు', 'ungarapuvelu', 'image65.png'),
(58, 'బరిణపురుగు', 'barinapurugu', 'image67.png'),
(59, 'గుర్రాలదండు', 'gurraladandu', 'image68.png'),
(60, 'వివాహితురాలు', 'married', 'image69.png'),
(61, 'వల్లకాడు', 'vallakadu', 'image74.png'),
(62, 'దివిటీ', 'torchlight', 'image75.png'),
(63, 'కపాలము', 'calvarium', 'image77.png'),
(64, 'పరలోకపయనము', 'paralokapayanamu', 'image72.png'),
(65, 'ఎముకలు', 'bones', 'image76.png'),
(66, 'పాపడిబిళ్ళ', 'papadibilla', 'image81.png'),
(67, 'నాగలి', 'plow', 'image80.png'),
(68, 'ఎలుగుబంటి', 'bear', 'image84.png'),
(69, 'వేలిముద్ర', 'fingerprint', 'image79.png'),
(70, 'పాషాణము', 'poison', 'image82.png'),
(71, 'తాటికాయలు', 'tatikayalu', 'image78.png'),
(72, 'చెవులపిల్లి', 'cevulapilli', 'image88.png'),
(73, 'చింతపిక్కలాట', 'cintapikkalata', 'image89.png'),
(74, 'భవనసముదాయము', 'complex', 'image85.png'),
(75, 'కంజర', 'kanjara', 'image86.png'),
(76, 'నడికట్టు', 'belting', 'image87.png'),
(77, 'dummy', 'dummy', 'image999.png'),
(78, 'సివంగి', 'ounce', 'image92.png'),
(79, 'పరికిణి', 'ghagra', 'image93.png'),
(80, 'కుమారిక', 'kumarika', 'image93.png'),
(81, 'పసివాడు', 'baby', 'image94.png'),
(82, 'కర్రసాము', 'expertsinglestickplayer', 'image96.png'),
(83, 'భరిణ', 'pyxis', 'image95.png'),
(84, 'తమలపాకులు', 'betel', 'image98.png'),
(85, 'మువ్వలు', 'bells', 'image97.png'),
(86, 'చిరుతపులి', 'leopard', 'image99.png'),
(87, 'మెరుపులు', 'lightning', 'image100.png'),
(88, 'జాతర', 'fair', 'image101.png'),
(89, 'ఊయల', 'hammock', 'image102.png'),
(90, 'అల్మారా', 'shelf', 'image103.png'),
(91, 'ప్రమాదం', 'accident', 'image104.png'),
(92, 'పచ్చికబయలు', 'lea', 'image105.png'),
(93, 'బాణాసంచా', 'fireworks', 'image107.png'),
(94, 'దుకాణము', 'shop', 'image106.png'),
(95, 'పేకముక్కలు', 'card', 'image109.png'),
(96, 'ఊపిరితిత్తులు', 'lungs', 'image110.png'),
(97, 'పర్వతశ్రేణి', 'therange', 'image114.png'),
(98, 'చార్మినార్', 'charminar', 'image111.png'),
(99, 'నాట్యశాల', 'natyasala', 'image112.png'),
(100, 'అగ్నిపర్వతము', 'volcanic', 'image113.png'),
(101, 'వీడియోసమావేశము', 'vidiyosamavesamu', 'image116.png'),
(102, 'సైనికాధికారి', 'army', 'image118.png'),
(103, 'ఖజానా', 'treasury', 'image117.png'),
(104, 'చుక్కలాట', 'cukkalata', 'image119.png'),
(105, 'గుడ్డపీలికలు', 'guddapilikalu', 'image120.png'),
(106, 'ఏకాంతము', 'solitary', 'image121.png'),
(107, 'జన్మదినవేడుక', 'janmadinaveduka', 'image123.png'),
(108, 'కొండచిలువ', 'python', 'image126.png'),
(109, 'పసుపుకొమ్ము', 'pasupukommu', 'image125.png'),
(110, 'నిప్పుకోడి', 'ostrich', 'image124.png'),
(111, 'ఎక్కములపట్టిక', 'ekkamulapattika', 'image127.png'),
(112, 'పందెంకోళ్ళు', 'pandenkollu', 'image128.png'),
(113, 'ఏడుపెంకులాట', 'sevenpenkulata', 'image129.png'),
(114, 'గుడిగంటలు', 'gudigantalu', 'image131.png'),
(115, 'సౌరమండలము', 'solarsystem', 'image130.png'),
(116, 'పిండిజల్లెడ', 'pindijalleda', 'image135.png'),
(117, 'గబ్బిలము', 'bat', 'image136.png'),
(118, 'కుటీరము', 'hut', 'image137.png'),
(119, 'గజ్జలపలక', 'gajjalapalaka', 'image999.png'),
(120, 'గిలకపాము', 'gilakapamu', 'image133.png'),
(121, 'తాళపత్రగ్రంథము', 'talapatragranthamu', 'image134.png'),
(122, 'వ్యవసాయము', 'earing', 'image145.png'),
(123, 'ఇంద్రధనస్సు', 'rainbow', 'image144.png'),
(124, 'నాగజెముడు', 'cactus', 'image140.png'),
(125, 'శూన్యము', 'vacuum', 'image141.png'),
(126, 'రుద్రవీణ', 'rudravina', 'image143.png'),
(127, 'రుబ్బురోలు', 'rubburolu', 'image142.png'),
(128, 'తరంగం', 'wave', 'image147.png'),
(129, 'కాగితపుపడవ', 'kagitapupadava', 'image148.png'),
(130, 'గారెలు', 'gare', 'image153.png'),
(131, 'జోడెద్దులు', 'jodeddulu', 'image149.png'),
(132, 'కాడెద్దులు', 'kadeddulu', 'image149.png'),
(133, 'జడకోలాటము', 'jadakolatamu', 'image151.png'),
(134, 'దేశపటము', 'themap', 'image154.png'),
(135, 'త్రిభుజములు', 'triangles', 'image150.png'),
(136, 'తలుపులు', 'doors', 'image156.png'),
(137, 'గుప్పెడు', 'handful', 'image157.png'),
(138, 'కటకటాలు', 'thegrid', 'image158.png'),
(139, 'గురివిందగింజలు', 'gurivindaginjalu', 'image159.png'),
(140, 'చేతివేళ్ళు', 'fingers', 'image160.png'),
(141, 'కళ్ళజోడు', 'spectacles', 'image162.png'),
(142, 'బుర్రమీసము', 'burramisamu', 'image163.png'),
(143, 'సాలెపురుగు', 'spider', 'image164.png'),
(144, 'కళ్యాణము', 'themarriage', 'image165.png'),
(145, 'చింతకాయలు', 'cintakayalu', 'image167.png'),
(146, 'మందులు', 'drugs', 'image168.png'),
(147, 'సగభాగము', 'halfofthe', 'image169.png'),
(148, 'సాగరకన్య', 'oceanid', 'image170.png'),
(149, 'దీపావళి', 'diwali', 'image171.png'),
(150, 'బంతులు', 'balls', 'image172.png'),
(151, 'బాలబాలికలు', 'forboysandgirls', 'image173.png'),
(152, 'జాంపండు', 'jampandu', 'image176.png'),
(153, 'కంబళి', 'blanket', 'image177.png'),
(154, 'పుస్తెలు', 'pustelu', 'image178.png'),
(155, 'రాబందు', 'vulture', 'image179.png'),
(156, 'అగ్నికణం', 'agnikanam', 'image180.png'),
(157, 'బురుజు', 'bulwark', 'image181.png'),
(158, 'చీమలపుట్ట', 'hill', 'image182.png'),
(159, 'బొమ్మరిల్లు', 'bommarillu', 'image183.png'),
(160, 'గుమ్మము', 'sill', 'image184.png'),
(161, 'ముంగురులు', 'forelock', 'image185.png'),
(162, 'బుధవారము', 'wednesday', 'image187.png'),
(163, 'నారుమడి', 'linen', 'image188.png'),
(164, 'గేదెలమంద', 'gedelamanda', 'image189.png'),
(165, 'జంతుప్రదర్శనశాల', 'zoo', 'image190.png'),
(166, 'ధాన్యాగారం', 'granary', 'image191.png'),
(167, 'పక్షులు', 'birds', 'image192.png'),
(168, 'జంగందేవర', 'jangandevara', 'image194.png'),
(169, 'తపాలాపెట్టె', 'postbox', 'image195.png'),
(170, 'మరమనిషి', 'robot', 'image196.png'),
(171, 'మండపము', 'complexes', 'image197.png'),
(172, 'తలగడలు', 'pillow', 'image199.png'),
(173, 'చరవాణి', 'caravani', 'image198.png'),
(174, 'పెళ్లికొడుకు', 'thegroom', 'image201.png'),
(175, 'పట్టెమంచము', 'pattemancamu', 'image200.png'),
(176, 'గోపురము', 'pagoda', 'image205.png'),
(177, 'చలిమంట', 'campfire', 'image209.png'),
(178, 'నాగుపాము', 'cobra', 'image206.png'),
(179, 'నాట్యమయూరి', 'natyamayuri', 'image207.png'),
(180, 'నులకమంచము', 'nulakamancamu', 'image208.png'),
(181, 'సాలభంజిక', 'salabhanjika', 'image210.png'),
(182, 'ఉంగరము', 'ring', 'image214.png'),
(183, 'గంగాళము', 'gangalamu', 'image211.png'),
(184, 'పాదరక్షలు', 'footwear', 'image212.png'),
(185, 'కోడిపుంజు', 'rooster', 'image213.png'),
(186, 'గొడుగు', 'umbrella', 'image216.png'),
(187, 'పాలసీసాలు', 'palasisalu', 'image217.png'),
(188, 'నాడీమండలము', 'nadimandalamu', 'image218.png'),
(189, 'దవాఖానా', 'davakhana', 'image219.png'),
(190, 'నాట్యము', 'hula', 'image220.png'),
(191, 'మండూకము', 'frog', 'image221.png'),
(192, 'మూటలు', 'bales', 'image224.png'),
(193, 'కాపరి', 'shepherd', 'image229.png'),
(194, 'భిక్షువు', 'monk', 'image223.png'),
(195, 'నగదు', 'cash', 'image227.png'),
(196, 'యంత్రము', 'machine', 'image228.png'),
(197, 'రంగుమరకలు', 'rangumarakalu', 'image230.png'),
(198, 'నవ్వారుమంచం', 'navvarumancam', 'image231.png'),
(199, 'రోలురోకలి', 'rolurokali', 'image223.png'),
(200, 'మందిరం', 'hall', 'image237.png'),
(201, 'చదరంగము', 'chess', 'image235.png'),
(202, 'హెలికాప్టరు', 'helicopter', 'image238.png'),
(203, 'జడకుచ్చులు', 'jadakucculu', 'image236.png'),
(204, 'ఉంగరాలు', 'rings', 'image239.png'),
(205, 'తేనెపట్టు', 'textiles', 'image241.png'),
(206, 'మహిషము', 'mahishastands', 'image242.png'),
(207, 'గాలిపటము', 'kite', 'image244.png'),
(208, 'నృత్యకళాకారిణి', 'dancer', 'image245.png'),
(209, 'ముత్యములు', 'pearls', 'image246.png'),
(210, 'నయనములు', 'nayanamulu', 'image243.png'),
(211, 'గొడ్డలి', 'ax', 'image248.png'),
(212, 'అల్లము', 'ginger', 'image249.png'),
(213, 'గరిక', 'straw', 'image250.png'),
(214, 'లాఠీకర్ర', 'lathikarra', 'image251.png'),
(215, 'లెక్కలపలక', 'lekkalapalaka', 'image252.png'),
(216, 'కంచము', 'kancamu', 'image253.png'),
(217, 'గాజులు', 'bangles', 'image255.png'),
(218, 'ఉత్తరము', 'north', 'image256.png'),
(219, 'గుండీలు', 'buttons', 'image257.png'),
(220, 'విత్తనములు', 'seed', 'image258.png'),
(221, 'వాద్యబృందం', 'orchestra', 'image260.png'),
(222, 'కొమ్మలు', 'branches', 'image259.png'),
(223, 'దొన్నె', 'donne', 'image262.png'),
(224, 'బొమ్మలు', 'toys', 'image263.png'),
(225, 'తరాజు', 'tarazu', 'image264.png'),
(226, 'పటము', 'map', 'image265.png'),
(227, 'ఎలుక', 'rat', 'image267.png'),
(228, 'కాటుక', 'forests', 'image271.png'),
(229, 'చిక్కుముళ్ళు,', 'chikkumullu', 'image272.png'),
(230, 'పీటముళ్ళు,', 'pitamullu', 'image272.png'),
(231, 'పీటముడి,', 'pitamudi', 'image272.png'),
(232, 'చిక్కుముడి', 'chikkumdi', 'image272.png'),
(233, 'నీళ్ళకావడి', 'nillakavadi', 'image269.png'),
(234, 'రశీదు', 'billing', 'image270.png'),
(235, 'వడ్డాణము', 'vaddanamu', 'image268.png'),
(236, 'నెమలిపింఛాలు', 'nemalipinchalu', 'image274.png'),
(237, 'న్యాయవాది', 'lawyer', 'image275.png'),
(238, 'గోవిందనామాలు', 'govindanamalu', 'image276.png'),
(239, 'కుంపటి', 'cookery', 'image277.png'),
(240, 'కమండలము', 'kamandalamu', 'image278.png'),
(241, 'కాలిగజ్జెలు', 'kaligajjelu', 'image282.png'),
(242, 'చుక్కలచీర', 'cukkalacira', 'image280.png'),
(243, 'తొక్కుడుబిళ్ళ', 'tokkudubilla', 'image284.png'),
(244, 'ముగ్గులు', 'rangolis', 'image283.png'),
(245, 'వెదురుబుట్టలు', 'crates', 'image286.png'),
(246, 'పరిశుద్ధబైబిల్', 'parisuddhabaibil', 'image287.png'),
(247, 'నీరాజనం', 'nirajanam', 'image288.png'),
(248, 'జలతరంగిణి', 'jalatarangini', 'image289.png'),
(249, 'సంగీతకచేరి', 'sangitakaceri', 'image290.png'),
(250, 'గురుత్వాకర్హణ', 'gurutvakarhana', 'image291.png'),
(251, 'లక్కపిడతలు', 'lakkapidatalu', 'image292.png'),
(252, 'అన్నము', 'rice', 'image300.png'),
(253, 'కొల్లాయి', 'collina', 'image295.png'),
(254, 'సంకేతము', 'signal', 'image294.png'),
(255, 'నాంతాడు', 'nantadu', 'image296.png'),
(256, 'పావలా', 'quarter', 'image297.png'),
(257, 'చేట', 'fan', 'image298.png'),
(258, 'జూకాలు', 'jukalu', 'image299.png'),
(259, 'పూరిపాకలు', 'puripakalu', 'image303.png'),
(260, 'మునగకాయలు', 'drumstick', 'image302.png'),
(261, 'లవంగాలు', 'cloves', 'image306.png'),
(262, 'కవాతు', 'parade', 'image304.png'),
(263, 'ఎండుటాకులు', 'endutakulu', 'image305.png'),
(264, 'ఫలములు', 'fruit', 'image308.png'),
(265, 'వంకీలు', 'wonky', 'image309.jpeg'),
(266, 'చీపురుకట్ట', 'cipurukatta', 'image315.png'),
(267, 'వేటగాడు', 'hunter', 'image310.png'),
(268, 'బోషాణము', 'bosanamu', 'image311.png'),
(269, 'విలుకాడు', 'archer', 'image312.png'),
(270, 'కండువా', 'scarf', 'image316.png'),
(271, 'చెప్పులజత', 'ceppulajata', 'image317.png'),
(272, 'మిరపకాయ', 'paprika', 'image318.png'),
(273, 'కథాకళి', 'kathakali', 'image320.png'),
(274, 'కథక్', 'kathak', 'image319.png'),
(275, 'లంగరు', 'anchor', 'image322.png'),
(276, 'పిడిబాకు', 'dagger', 'image323.png'),
(277, 'కబాడీ', 'kabbadi', 'image324.png'),
(278, 'నృపుడు', 'nrpudu', 'image325.png'),
(279, 'ముత్యం', 'pearl', 'image326.png'),
(280, 'బుడగలు', 'bubbles', 'image331.png'),
(281, 'బురదగుంట', 'buradagunta', 'image332.png'),
(282, 'విహంగములు', 'overview', 'image329.png'),
(283, 'నృపాలుడు', 'nrpaludu', 'image330.png'),
(284, 'ఐకమత్యము', 'fraternization', 'image328.png'),
(285, 'ఔషధము', 'panacea', 'image334.png'),
(286, 'ఒకటి', 'one', 'image338.png'),
(287, 'ఉగ్గుగిన్నె', 'ugguginne', 'image335.png'),
(288, 'డోలిక', 'dolika', 'image336.png'),
(289, 'పాచికలు', 'dice', 'image337.png'),
(290, 'విదూషకుడు', 'clown', 'image340.png'),
(291, 'ప్రకటన', 'advertisement', 'image341.png'),
(292, 'విపణివీధి', 'vipanividhi', 'image339.png'),
(293, 'నోట్లకట్టలు', 'notlakattalu', 'image342.png'),
(294, 'నారదుడు', 'naradudu', 'image343.png'),
(295, 'వాహనములు', 'vehicles', 'image344.png'),
(296, 'వీధినాటకము', 'vidhinatakamu', 'image352.png'),
(297, 'పిండిమర', 'flour', 'image347.png'),
(298, 'సమాంతరరేఖలు', 'samantararekhalu', 'image349.png'),
(299, 'ఖడ్గమృగము', 'rhinos', 'image348.png'),
(300, 'కప్పతాళము', 'kappatalamu', 'image350.png'),
(301, 'కొండలు', 'hills', 'image351.png'),
(302, 'ప్రమాణము', 'standard', 'image354.png'),
(303, 'రాజభవనము', 'thepalace', 'image355.png'),
(304, 'అమ్ములపొది', 'ammulapodi', 'image361.png'),
(305, 'పిల్లనగ్రోవి', 'flute', 'image358.png'),
(306, 'న్యాయస్థానము', 'court', 'image356.png'),
(307, 'సమూహము', 'group', 'image999.png'),
(308, 'వదనము', 'vadanamu', 'image359.png'),
(309, 'కోతికొమ్మచ్చి', 'kotikommacci', 'image365.png'),
(310, 'మొక్కజొన్నపేలాలు', 'mokkajonnapelalu', 'image366.png'),
(311, 'టముకు', 'tomtom', 'image364.png'),
(312, 'పుస్తకము', 'book', 'image368.png'),
(313, 'మరచెంబు', 'maracembu', 'image370.png'),
(314, 'చుట్టకుదురు', 'cuttakuduru', 'image373.png'),
(315, 'భాగహారము', 'division', 'image375.png'),
(316, 'లేగదూడ', 'bobby', 'image372.png'),
(317, 'ఆకులువక్కలు', 'akuluvakkalu', 'image371.png'),
(318, 'తువ్వాలు', 'throwinthetowel', 'image374.png'),
(319, 'బొమ్మలకొలువు', 'bommalakoluvu', 'image376.png'),
(320, 'జడకొప్పు', 'jadakoppu', 'image378.png'),
(321, 'కొమ్ముబూర', 'kommubura', 'image379.png'),
(322, 'బట్టతల', 'bald', 'image380.png'),
(323, 'వార్తాపత్రికలు', 'newspapers', 'image383.png'),
(324, 'పన్నీరుబుడ్డి', 'pannirubuddi', 'image382.png'),
(325, 'గొల్లభామ', 'grasshopper', 'image384.png'),
(326, 'చిల్లరపైసలు', 'cillarapaisalu', 'image385.png'),
(327, 'సుద్దముక్కలు', 'chalk', 'image388.png'),
(328, 'పద్దుపుస్తకం', 'paddupustakam', 'image387.png'),
(329, 'పొట్టేలు', 'ram', 'image386.png'),
(330, 'నీళ్ళపంపు', 'nillapampu', 'image390.png'),
(331, 'బల్లకట్టు', 'pont', 'image391.png'),
(332, 'తులసికోట', 'tulasikota', 'image392.png'),
(333, 'వాలుజడ', 'valujada', 'image394.png'),
(334, 'గరుడపక్షి', 'garudapaksi', 'image393.png'),
(335, 'కిరసనాయలబుడ్డి', 'kirasanayalabuddi', 'image397.png'),
(336, 'వెన్నెముక', 'spine', 'image398.png'),
(337, 'అరదండాలు', 'aradandalu', 'image399.png'),
(338, 'ఊతకర్ర', 'crutch', 'image402.png'),
(339, 'రథచోదకుడు', 'rathacodakudu', 'image400.png'),
(340, 'చిమ్మట', 'moth', 'image403.png'),
(341, 'తేనీరు', 'tea', 'image404.png'),
(342, 'తడిక', 'thatch', 'image405.png'),
(343, 'జాలరివల', 'fishermen', 'image406.png'),
(344, 'సూదంటురాయి', 'reef', 'image411.png'),
(345, 'సామాను', 'luggage', 'image407.png'),
(346, 'బిడియము', 'shamefacedness', 'image408.png'),
(347, 'పట్టణము', 'city', 'image409.png'),
(348, 'వలయములు', 'rings', 'image410.png'),
(349, 'విమానము', 'plane', 'image413.png'),
(350, 'లాగుడుబండి', 'lagudubandi', 'image415.png'),
(351, 'సిపాయి', 'soldier', 'image414.png'),
(352, 'నిచ్చెన', 'ladder', 'image416.png'),
(353, 'నావ', 'ark', 'image417.png'),
(354, 'నాట్యం', 'dancing', 'image418.png'),
(355, 'వానరము', 'primate', 'image420.png'),
(356, 'మొక్కజొన్నపొత్తులు', 'mokkajonnapottulu', 'image421.png'),
(357, 'ఈల', 'whistling', 'image423.png'),
(358, 'భాస్కరుడు', 'bhaskara', 'image422.png'),
(359, 'గోనెసంచి', 'gonesanci', 'image424.png'),
(360, 'కాగితం', 'paper', 'image425.png'),
(361, 'వంతెన', 'bridge', 'image427.png'),
(362, 'కరపత్రము', 'pamphlet', 'image428.png'),
(363, 'చీలమండ', 'ankle', 'image429.png'),
(364, 'కత్తెర', 'scissors', 'image430.png'),
(365, 'కలప', 'wood', 'image431.png'),
(366, 'ప్రమిద', 'speech', 'image432.png'),
(367, 'కదనము', 'kadanamu', 'image433.png'),
(368, 'సందర్శకులు', 'visitors', 'image435.png'),
(369, 'గునపము', 'gunapamu', 'image434.png'),
(370, 'ఉలి', 'chisel', 'image438.jpeg'),
(371, 'అత్తరుబుడ్డి', 'ointment', 'image442.png'),
(372, 'గడ్డము', 'barba', 'image443.png'),
(373, 'గిలకబావి', 'gilakabavi', 'image437.png'),
(374, 'అనామిక', 'anonymous', 'image439.png'),
(375, 'నాట్యకత్తెలు', 'natyakattelu', 'image440.png'),
(376, 'కీకారణ్యము', 'kikaranyamu', 'image441.png'),
(377, 'కొరడా', 'whip', 'image447.jpeg'),
(378, 'బియ్యము', 'rice', 'image448.jpeg'),
(379, 'కావడి', 'pandering', 'image449.png'),
(380, 'గళ్ళచొక్క', 'gallacokka', 'image450.png'),
(381, 'మల్లయుద్ధము', 'wrestling', 'image446.jpeg'),
(382, 'కానుక', 'gift', 'image445.png'),
(383, 'పురుషులు', 'men', 'image452.png'),
(384, 'పుస్తకాలు', 'books', 'image451.jpeg'),
(385, 'విపంచి', 'vipanci', 'image454.jpeg'),
(386, 'తెలుగుఅక్షరమాల', 'teluguaksaramala', 'image466.png'),
(387, 'విహంగము', 'airplane', 'image462.png'),
(388, 'ఉద్యానము', 'udyanamu', 'image464.png'),
(389, 'ప్రహేళిక', 'puzzle', 'image457.png'),
(390, 'నాదస్వరము', 'nadasvaramu', 'image458.png'),
(391, 'దర్శకుడు', 'director', 'image461.png'),
(392, 'నగారా', 'nagara', 'image460.png'),
(393, 'దర్పణము', 'mirrored', 'image459.png'),
(394, 'మంచె', 'problem', 'image467.png'),
(395, 'మొక్కలు', 'plants', 'image468.png'),
(396, 'బొప్పాయిపండు', 'boppayipandu', 'image469.png'),
(397, 'చెవికమ్మలు', 'cevikammalu', 'image470.png'),
(398, 'లలాటము', 'forehead', 'image471.png'),
(399, 'వేటకుక్క', 'hound', 'image472.png'),
(400, 'బొట్టుబిళ్ళలు', 'bottubillalu', 'image473.png'),
(401, 'పౌరోహితుడు', 'paurohitudu', 'image477.png'),
(402, 'రామచిలుక', 'ramaciluka', 'image483.png'),
(403, 'నాసామణి', 'nasamani', 'image475.png'),
(404, 'కర్ణము', 'ear', 'image479.png'),
(405, 'నారింజ', 'orange', 'image480.png'),
(406, 'చిత్రపటము', 'map', 'image481.png'),
(407, 'కాసులపేరు', 'kasulaperu', 'image482.png'),
(408, 'చిట్టితాళాలు', 'cittitalalu', 'image999.png'),
(409, 'ఏకాకి', 'isolated', 'image485.jpeg'),
(410, 'కత్తిపీట', 'cutlery', 'image492.png'),
(411, 'పాదుకలు', 'footers', 'image486.png'),
(412, 'త్రాచుపాము', 'cobra', 'image487.png'),
(413, 'భిషక్కు', 'physician', 'image488.png'),
(414, 'దువ్వెన', 'comb', 'image489.png'),
(415, 'ఉషోదయం', 'thedawn', 'image491.png'),
(416, 'అగరబత్తులు', 'agarabattulu', 'image493.png'),
(417, 'సేతువు', 'setuvu', 'image494.png'),
(418, 'కలంకారి', 'kalamkari', 'image495.png'),
(419, 'గొబ్బెమ్మలు', 'gobbemmalu', 'image596.png'),
(420, 'దేవాలయము', 'temple', 'image498.png'),
(421, 'వడిసెలపట్టి', 'vadiselapatti', 'image499.png'),
(422, 'పరశువు', 'parasuvu', 'image500.png'),
(423, 'పెళ్ళికూతురు', 'thebride', 'image501.png'),
(424, 'అగ్గిపెట్టె', 'matchstick', 'image502.png'),
(425, 'హరివిల్లు', 'rainbow', 'image505.png'),
(426, 'రిక్షా', 'rickshaw', 'image506.png'),
(427, 'మందారపూలు', 'mandarapulu', 'image507.png'),
(428, 'సుడిగాలి', 'tornado', 'image508.png'),
(429, 'పిచ్చిగీతలు', 'doodle', 'image504.png'),
(430, 'పర్ణశాల', 'parnashala', 'image510.png'),
(431, 'మల్లెపూలు', 'flowers', 'image511.png'),
(432, 'ఇరుసు', 'pivot', 'image512.png'),
(433, 'ఎద్దులబండి', 'eddulabandi', 'image513.png'),
(434, 'తేలు', 'scorpion', 'image514.png'),
(435, 'ఆభరణములు', 'jewelery', 'image522.png'),
(436, 'పంజరం', 'cage', 'image517.png'),
(437, 'దబ్బనము', 'dabbah', 'image518.png'),
(438, 'కూర్మము', 'grunter', 'image523.png'),
(439, 'టమాటాలు', 'tomatoes', 'image521.png'),
(440, 'పూసలగొలుసు', 'pusalagolusu', 'image520.png'),
(441, 'గోంగూర', 'mesta', 'image524.png'),
(442, 'గుడుగుడుగుంజం', 'gudugudugunjam', 'image525.png'),
(443, 'నృపతి', 'nrpati', 'image526.png'),
(444, 'నృత్యము', 'dance', 'image527.png'),
(445, 'గుర్రము', 'horse', 'image528.png'),
(446, 'పడవ', 'boat', 'image530.png'),
(447, 'సంత', 'st.', 'image536.png'),
(448, 'తోరణము', 'festoon', 'image531.png'),
(449, 'స్నాతకోత్సవం', 'convocation', 'image532.png'),
(450, 'నవరత్నాలు', 'navaratnas', 'image533.png'),
(451, 'బాణము', 'arrow', 'image534.png'),
(452, 'పండ్లబుట్ట', 'pandlabutta', 'image542.png'),
(453, 'మామిడికాయ', 'mangoes', 'image543.png'),
(454, 'కాగడా', 'torch', 'image544.png'),
(455, 'జంతికలు', 'pretzel', 'image537.png'),
(456, 'గాలిపటాలు', 'kites', 'image538.png'),
(457, 'పిల్లలు', 'children', 'image539.png'),
(458, 'వైకుంఠపాళి', 'snakes', 'image552.png'),
(459, 'కృష్ణలోహము', 'krsnalohamu', 'image545.png'),
(460, 'వికలాంగుడు', 'handicapped', 'image554.png'),
(461, 'దాల్చినిచెక్క', 'dalcinicekka', 'image551.png'),
(462, 'పనసపండు', 'panasapandu', 'image546.png'),
(463, 'గరిటె', 'ladle', 'image547.png'),
(464, 'పార', 'shovel', 'image548.png'),
(465, 'కిరీటము', 'crown', 'image549.png'),
(466, 'కొవ్వొత్తులు', 'candles', 'image550.png'),
(467, 'శాలువా', 'shawl', 'image555.png'),
(468, 'దోమతెర', 'nets', 'image561.png'),
(469, 'చదరంగం', 'chess', 'image560.png'),
(470, 'కాంత', 'magnetic', 'image557.png'),
(471, 'గోండ్రుకప్ప', 'gondrukappa', 'image558.png'),
(472, 'వీలునామా', 'will', 'image566.png'),
(473, 'సొరకాయలు', 'bottlegourd', 'image565.png'),
(474, 'విమానాశ్రయం', 'airport', 'image564.png'),
(475, 'నాట్యరంగము', 'natyarangamu', 'image562.png'),
(476, 'ఉరుములు', 'thunderstorms', 'image563.png'),
(477, 'సరస్వతివీణ', 'sarasvativina', 'image569.png'),
(478, 'కరతాళాలు', 'applause', 'image568.png'),
(479, 'ముష్టి', 'fist', 'image570.png'),
(480, 'ద్విచక్రవాహనము', 'two-wheelers', 'image571.png'),
(481, 'పరుగుపందెం', 'running', 'image572.png'),
(482, 'దరఖాస్తు', 'application', 'image575.png'),
(483, 'సబ్బుబిళ్ళ', 'sabbubilla', 'image576.png'),
(484, 'రాకెట్', 'rocket', 'image577.png'),
(485, 'వేణువు', 'flute', 'image582.png'),
(486, 'బాదుషాలు', 'badusalu', 'image578.png'),
(487, 'బూందిలడ్డూలు', 'bundiladdulu', 'image584.png'),
(488, 'లష్కరు', 'lashkar', 'image583.png'),
(489, 'చేతిరుమాలు', 'bandanna', 'image585.png'),
(490, 'బోసినోరు', 'bosinoru', 'image586.png'),
(491, 'నాలుక', 'tongue', 'image587.png'),
(492, 'చిలుకకొయ్య', 'cilukakoyya', 'image588.png'),
(493, 'మథించు', 'mathincu', 'image591.png'),
(494, 'సానరాయి', 'sanarayi', 'image590.png'),
(495, 'నృత్యకారిణి', 'dancer', 'image592.png'),
(496, 'పేరిణినృత్యము', 'perininrtyamu', 'image593.png'),
(497, 'అట్లపెనము', 'atlapenamu', 'image594.png'),
(498, 'వీరివీరిగుమ్మడిపండు', 'virivirigummadipandu', 'image596.png'),
(499, 'బల్లగడియారము', 'ballagadiyaramu', 'image597.png'),
(500, 'భరతనాట్యము', 'bharatanatyam', 'image598.png'),
(501, 'ద్రవము', 'humor', 'image599.png'),
(502, 'వినాయకుడు', 'ganesha', 'image603.png'),
(503, 'న్యాయాలయం', 'courthouse', 'image602.png'),
(504, 'కసాయి', 'kasai', 'image605.png'),
(505, 'మిరియాలు', 'pepper', 'image601.png'),
(506, 'ఆలుగడ్డలు', 'potato', 'image606.png'),
(507, 'శిశువు', 'baby', 'image612.png'),
(508, 'ఆవిరియంత్రము', 'steamengine', 'image614.png'),
(509, 'వైద్యశాల', 'hospital', 'image609.png'),
(510, 'తివాచి', 'rug', 'image607.png'),
(511, 'చారలచొక్కా', 'stripedshirt', 'image610.png'),
(512, 'కంకణాలు', 'bracelets', 'image611.png'),
(513, 'అద్దాలమేడ', 'glassesofmirrors', 'image615.png'),
(514, 'వెండితెర', 'screen', 'image621.png'),
(515, 'ఆకాశవాణి', 'tvandradio', 'image618.png'),
(516, 'గవ్వలు', 'shells', 'image619.png'),
(517, 'గారడీవిద్య', 'garadividya', 'image616.png'),
(518, 'ఆంగికం', 'angikam', 'image623.png'),
(519, 'రంధ్రము', 'hole', 'image624.png'),
(520, 'జాబితా', 'list', 'image625.png'),
(521, 'కొలబద్ద', 'scale', 'image622.png'),
(522, 'హెచ్చరిక', 'warning', 'image626.png'),
(523, 'ఎక్కాలు', 'tables', 'image634.png'),
(524, 'బొరుగులు', 'borugulu', 'image628.png'),
(525, 'పూలగుత్తి', 'flower', 'image629.png'),
(526, 'జట్కాబండి', 'jatkabandi', 'image630.png'),
(527, 'పంట్లాము', 'trouser', 'image631.png'),
(528, 'కోతికొమ్మొచ్చి', 'kotikommocci', 'image637.png'),
(529, 'చతురస్రము', 'square', 'image636.png'),
(530, 'వక్కలాకులు', 'vakkalakulu', 'image639.png'),
(531, 'ఆటగాడు', 'player', 'image635.png'),
(532, 'కూరగాయలు', 'vegetables', 'image638.png'),
(533, 'పదకోశం', 'glossary', 'image645.png'),
(534, 'పాలపుంత', 'milkyway', 'image641.png'),
(535, 'సంకేతం', 'sign', 'image642.png'),
(536, 'రంగులరాట్నం', 'carousel', 'image644.png'),
(537, 'చిక్కుడుకాయలు', 'bean', 'image650.png'),
(538, 'సీతాకోకచిలుక', 'butterfly', 'image651.png'),
(539, 'కలము', 'article', 'image654.png'),
(540, 'జోడుతపేలా', 'patchup', 'image653.png'),
(541, 'రహస్యము', 'mystery', 'image648.png'),
(542, 'ప్రతిబింబము', 'image', 'image649.png'),
(543, 'అలివేణికుండ', 'alwayipot', 'image655.png'),
(544, 'పప్పుగుత్తి', 'pappugutti', 'image659.png'),
(545, 'డోలక్', 'dholak', 'image661.png'),
(546, 'నారికేళము', 'narikelamu', 'image660.png'),
(547, 'భాంగ్రానాట్యము', 'bhangradance', 'image656.png'),
(548, 'సింహాసనము', 'throne', 'image657.png'),
(549, 'భారతదేశము', 'india', 'image664.png'),
(550, 'కవచము', 'theca', 'image665.png'),
(551, 'తలమానికము', 'highlight', 'image666.png'),
(552, 'లక్ష్యము', 'target', 'image667.png'),
(553, 'తలకొప్పు', 'talakoppu', 'image668.png'),
(554, 'పిల్లికూనలు', 'kittens', 'image670.png'),
(555, 'పుట్టగొడుగులు', 'mushrooms', 'image669.png'),
(556, 'లోలకులు', 'lolakulu', 'image676.png'),
(557, 'సంతకం', 'signed', 'image674.png'),
(558, 'కబడ్డీ', 'kabaddi', 'image671.png'),
(559, 'బాలుడు', 'boy', 'image673.png'),
(560, 'పల్లకి', 'litter', 'image677.png'),
(561, 'కమలము', 'flower', 'image678.png'),
(562, 'తాటిముంజలు', 'palmmesh', 'image680.png'),
(563, 'ధ్రువీకరణ', 'certification', 'image681.png'),
(564, 'రవిక', 'blouse', 'image682.png'),
(565, 'రవి', 'ravi', 'image683.png'),
(566, 'విద్యాలయము', 'college', 'image687.png'),
(567, 'వంటగది', 'thekitchen', 'image684.png'),
(568, 'కొబ్బరితురుము', 'kobbariturumu', 'image685.png'),
(569, 'ఫిడేలు', 'fiddle', 'image688.png'),
(570, 'కిరాణాకొట్టు', 'kiranakottu', 'image698.png'),
(571, 'మిరపకాయబజ్జీలు', 'chilipeppers', 'image690.png'),
(572, 'జలక్రీడలు', 'watersports', 'image689.png'),
(573, 'మసీదు', 'mosque', 'image691.png'),
(574, 'మగ్గము', 'looms', 'image692.png'),
(575, 'కాకరకాయలు', 'bittergourd', 'image695.png'),
(576, 'తాతయ్య', 'grandpa', 'image696.png'),
(577, 'పెదవులు', 'lips', 'image697.png'),
(578, 'పెళ్ళిపందిరి', 'pellipandiri', 'image701.png'),
(579, 'జడబిళ్ళలు', 'jadabillalu', 'image702.png'),
(580, 'నారి', 'spreading', 'image700.png'),
(581, 'భటుడు', 'guard', 'image706.png'),
(582, 'జలపాతం', 'waterfall', 'image703.png'),
(583, 'నక్షత్రాలు', 'stars', 'image704.png'),
(584, 'ఇటుకలు', 'bricks', 'image708.png'),
(585, 'బత్తాయిపళ్ళు', 'battayipallu', 'image709.png'),
(586, 'ఎండ్రకాయ', 'cancerous', 'image710.png'),
(587, 'కనురెప్పలు', 'eyelids', 'image712.png'),
(588, 'నాణెములు', 'coins', 'image711.png'),
(589, 'వామనగుంటలు', 'vamanaguntalu', 'image713.png'),
(590, 'బీరకాయలు', 'luffa', 'image716.png'),
(591, 'గండుచీమలు', 'ganducimalu', 'image715.png'),
(592, 'వేరుశెనగకాయలు', 'verusenagakayalu', 'image723.png'),
(593, 'వరుడు', 'scan', 'image719.png'),
(594, 'కడియము', 'anklet', 'image722.png'),
(595, 'పాములబుర్ర', 'snakesofsnakes', 'image720.png'),
(596, 'ఘటవాద్యము', 'ghatavadyamu', 'image718.png'),
(597, 'మట్టికుండలు', 'claypots', 'image717.png'),
(598, 'యజ్ఞోపవీతం', 'sacredthread', 'image728.png'),
(599, 'సమాధి', 'grave', 'image730.png'),
(600, 'తాలింపుగింజలు', 'nutrientseeds', 'image726.png'),
(601, 'రాళ్ళగాజులు', 'rallagajulu', 'image724.png'),
(602, 'వంటపాత్రలు', 'bouldering', 'image725.png'),
(603, 'కొబ్బరినూనె', 'coconut', 'image738.png'),
(604, 'నెలవంక', 'crescent', 'image731.png'),
(605, 'గులకరాళ్ళు', 'pebbles', 'image732.png'),
(606, 'ఎర్రగడ్డలు', 'erragaddalu', 'image733.png'),
(607, 'గజమాల', 'gajamala', 'image734.png'),
(608, 'గవాక్షము', 'window', 'image735.png'),
(609, 'తారుడబ్బా', 'tarudabba', 'image736.png'),
(610, 'గోవులమంద', 'govulamanda', 'image739.png'),
(611, 'మీసం', 'mustache', 'image740.png'),
(612, 'లుంగి', 'loincloth', 'image745.png'),
(613, 'బిళ్ళంగోడు', 'billangodu', 'image741.png'),
(614, 'యోగసనాలు', 'yogasanalu', 'image742.png'),
(615, 'భల్లూకం', 'bhallukam', 'image753.png'),
(616, 'ట్రాక్టరు', 'zamboni', 'image748.png'),
(617, 'పోతురాజు', 'poturaju', 'image749.png'),
(618, 'గద', 'truncheon', 'image752.png'),
(619, 'అగడ్త', 'fosse', 'image746.png'),
(620, 'అప్పడాలు', 'papads', 'image747.png'),
(621, 'pulabutta', 'pulabutta', 'image3.png'),
(622, 'gurrapunada', 'gurrapunada', 'image4.png'),
(623, 'decoration', 'decoration', 'image5.png'),
(624, 'firstaid', 'firstaid', 'image6.png'),
(625, 'budabukkalavadu', 'budabukkalavadu', 'image10.png'),
(626, 'fan', 'fan', 'image9.png'),
(627, 'bathukamma', 'bathukamma', 'image12.png'),
(628, 'harikatha', 'harikatha', 'image11.png'),
(629, 'prick', 'prick', 'image16.png'),
(630, 'cane', 'cane', 'image15.png'),
(631, 'factory', 'factory', 'image18.png'),
(632, 'rathacakramu', 'rathacakramu', 'image14.png'),
(633, 'thesun', 'thesun', 'image23.png'),
(634, 'kobbaricippalu', 'kobbaricippalu', 'image21.png'),
(635, 'applause', 'applause', 'image20.png'),
(636, 'mandhani', 'mandhani', 'image19.png'),
(637, 'emukalagudu', 'emukalagudu', 'image27.png'),
(638, 'damarukamu', 'damarukamu', 'image24.png'),
(639, 'hanger', 'hanger', 'image28.png'),
(640, 'waterfall', 'waterfall', 'image29.png'),
(641, 'brothers', 'brothers', 'image25.png'),
(642, 'wasp', 'wasp', 'image26.png'),
(643, 'comet', 'comet', 'image33.png'),
(644, 'players', 'players', 'image32.png'),
(645, 'tattoo', 'tattoo', 'image34.png'),
(646, 'scarecrow', 'scarecrow', 'image35.png'),
(647, 'roses', 'roses', 'image36.png'),
(648, 'toe', 'toe', 'image31.png'),
(649, 'cord', 'cord', 'image42.png'),
(650, 'ammalakkalu', 'ammalakkalu', 'image39.png'),
(651, 'hide', 'hide', 'image41.png'),
(652, 'ananas', 'ananas', 'image38.png'),
(653, 'sickle', 'sickle', 'image40.png'),
(654, 'sparrow', 'sparrow', 'image47.png'),
(655, 'chimney', 'chimney', 'image999.png'),
(656, 'nulakamancam', 'nulakamancam', 'image48.jpeg'),
(657, 'avuladoddi', 'avuladoddi', 'image45.jpeg'),
(658, 'savaramu', 'savaramu', 'image49.jpeg'),
(659, 'tuft', 'tuft', 'image999.png'),
(660, 'utkocamu', 'utkocamu', 'image999.png'),
(661, 'car', 'car', 'image999.png'),
(662, 'dove', 'dove', 'image999.png'),
(663, 'sea', 'sea', 'image999.png'),
(664, 'bubble', 'bubble', 'image999.png'),
(665, 'badipantulamma', 'badipantulamma', 'image58.png'),
(666, 'onions', 'onions', 'image57.png'),
(667, 'bangarukiritamu', 'bangarukiritamu', 'image52.png'),
(668, 'sastriyaparikaralu', 'sastriyaparikaralu', 'image54.png'),
(669, 'mudukallamusali', 'mudukallamusali', 'image55.png'),
(670, 'vicar', 'vicar', 'image56.png'),
(671, 'astacemma', 'astacemma', 'image64.png'),
(672, 'opulence', 'opulence', 'image62.png'),
(673, 'nrtyapriyudu', 'nrtyapriyudu', 'image60.png'),
(674, 'mutyapucippa', 'mutyapucippa', 'image59.png'),
(675, 'mukkupudaka', 'mukkupudaka', 'image61.png'),
(676, 'insects', 'insects', 'image70.png'),
(677, 'ungarapuvelu', 'ungarapuvelu', 'image65.png'),
(678, 'barinapurugu', 'barinapurugu', 'image67.png'),
(679, 'gurraladandu', 'gurraladandu', 'image68.png'),
(680, 'married', 'married', 'image69.png'),
(681, 'vallakadu', 'vallakadu', 'image74.png'),
(682, 'torchlight', 'torchlight', 'image75.png'),
(683, 'calvarium', 'calvarium', 'image77.png'),
(684, 'paralokapayanamu', 'paralokapayanamu', 'image72.png'),
(685, 'bones', 'bones', 'image76.png'),
(686, 'papadibilla', 'papadibilla', 'image81.png'),
(687, 'plow', 'plow', 'image80.png'),
(688, 'bear', 'bear', 'image84.png'),
(689, 'fingerprint', 'fingerprint', 'image79.png'),
(690, 'poison', 'poison', 'image82.png'),
(691, 'tatikayalu', 'tatikayalu', 'image78.png'),
(692, 'cevulapilli', 'cevulapilli', 'image88.png'),
(693, 'cintapikkalata', 'cintapikkalata', 'image89.png'),
(694, 'complex', 'complex', 'image85.png'),
(695, 'kanjara', 'kanjara', 'image86.png'),
(696, 'belting', 'belting', 'image87.png'),
(697, 'ounce', 'ounce', 'image92.png'),
(698, 'ghagra', 'ghagra', 'image93.png'),
(699, 'kumarika', 'kumarika', 'image93.png'),
(700, 'baby', 'baby', 'image94.png'),
(701, 'expertsinglestickplayer', 'expertsinglestickplayer', 'image96.png'),
(702, 'pyxis', 'pyxis', 'image95.png'),
(703, 'betel', 'betel', 'image98.png'),
(704, 'bells', 'bells', 'image97.png'),
(705, 'leopard', 'leopard', 'image99.png'),
(706, 'lightning', 'lightning', 'image100.png'),
(707, 'fair', 'fair', 'image101.png'),
(708, 'hammock', 'hammock', 'image102.png'),
(709, 'shelf', 'shelf', 'image103.png'),
(710, 'accident', 'accident', 'image104.png'),
(711, 'lea', 'lea', 'image105.png'),
(712, 'fireworks', 'fireworks', 'image107.png'),
(713, 'shop', 'shop', 'image106.png'),
(714, 'card', 'card', 'image109.png'),
(715, 'lungs', 'lungs', 'image110.png'),
(716, 'therange', 'therange', 'image114.png'),
(717, 'charminar', 'charminar', 'image111.png'),
(718, 'natyasala', 'natyasala', 'image112.png'),
(719, 'volcanic', 'volcanic', 'image113.png'),
(722, 'శరశ్చంద్ర', 'Moon', 'october_moon.jpg'),
(723, 'టుం', 'dummy', 'users.png'),
(724, 'కిరీటం', 'crown', 'crown.jpg'),
(725, 'ఛం', 'cham', 'crown.jpg'),
(726, 'ధం', 'dham', 'crown.jpg'),
(727, 'ఫం', 'phaM', 'crown.jpg'),
(729, 'శ్రీలక్ష్మి', 'srilakshmi', 'srilakshmidevi.jpg'),
(730, 'బొత్తం', 'button', 'big_button.jpg'),
(731, 'దర్గా', 'masjid', 'dargaa.JPG'),
(732, 'చెక్కిలి', 'cheek', 'cheek.jpeg'),
(733, 'నేరేడుపండు', 'indian black plum fruit', 'indian_black_plum_fruit.jpg'),
(734, 'తిమ్మిరిబిళ్ళలు', 'pepper mints', 'peppermints.PNG'),
(735, 'పద్మము', 'lotus', 'lotus_padmamu.jpg'),
(736, 'కన్నం', 'hole', 'hole_1.jpg'),
(737, 'సుందరి', 'beautiful woman', 'sundari.jpg'),
(738, 'సాధువు', 'sadhuvu', 'sadhuvu.jpg'),
(739, 'క్రిమిసంహారకమందు', 'pesticide', 'pesticide.jpg'),
(740, 'పురుగులమందు', 'pesticide', 'pesticide.jpg'),
(741, 'కృష్ణమృగము', 'black buck', 'black buck.jpg'),
(742, 'వేంకటేశ్వరస్వామి', 'Lord Venkateswara', 'lord venkateswara swamy.jpg'),
(743, 'వేంకటేశ్వరస్వామి', 'lordvenkateswara', 'venkanna.jpg'),
(744, 'పోస్టాఫీసు', 'postoffice', 'postoffice.PNG'),
(745, 'తూములు', 'drainage pipes', 'drainage pipes.jpg');

--
-- Indexes for dumped tables
--

--
-- Indexes for table `characters`
--
ALTER TABLE `characters`
  ADD PRIMARY KEY (`word_id`,`character_index`,`character_value`);

--
-- Indexes for table `puzzles`
--
ALTER TABLE `puzzles`
  ADD PRIMARY KEY (`puzzle_id`), ADD KEY `creator_email` (`creator_email`);

--
-- Indexes for table `puzzle_words`
--
ALTER TABLE `puzzle_words`
  ADD PRIMARY KEY (`puzzle_id`,`position_in_name`), ADD KEY `puzzle_id` (`puzzle_id`);

--
-- Indexes for table `users`
--
ALTER TABLE `users`
  ADD PRIMARY KEY (`user_email`);

--
-- Indexes for table `words`
--
ALTER TABLE `words`
  ADD PRIMARY KEY (`word_id`);

--
-- AUTO_INCREMENT for dumped tables
--

--
-- AUTO_INCREMENT for table `puzzles`
--
ALTER TABLE `puzzles`
  MODIFY `puzzle_id` int(11) NOT NULL AUTO_INCREMENT,AUTO_INCREMENT=338;
--
-- AUTO_INCREMENT for table `words`
--
ALTER TABLE `words`
  MODIFY `word_id` int(11) NOT NULL AUTO_INCREMENT,AUTO_INCREMENT=746;
--
-- Constraints for dumped tables
--

--
-- Constraints for table `characters`
--
ALTER TABLE `characters`
ADD CONSTRAINT `word_id_fk` FOREIGN KEY (`word_id`) REFERENCES `words` (`word_id`) ON UPDATE CASCADE;

/*!40101 SET CHARACTER_SET_CLIENT=@OLD_CHARACTER_SET_CLIENT */;
/*!40101 SET CHARACTER_SET_RESULTS=@OLD_CHARACTER_SET_RESULTS */;
/*!40101 SET COLLATION_CONNECTION=@OLD_COLLATION_CONNECTION */;
